-- phpMyAdmin SQL Dump
-- version 5.1.2
-- https://www.phpmyadmin.net/
--
-- Host: localhost:3306
-- Generation Time: Mar 11, 2022 at 07:00 AM
-- Server version: 5.7.33
-- PHP Version: 7.4.19

SET SQL_MODE = "NO_AUTO_VALUE_ON_ZERO";
START TRANSACTION;
SET time_zone = "+00:00";


/*!40101 SET @OLD_CHARACTER_SET_CLIENT=@@CHARACTER_SET_CLIENT */;
/*!40101 SET @OLD_CHARACTER_SET_RESULTS=@@CHARACTER_SET_RESULTS */;
/*!40101 SET @OLD_COLLATION_CONNECTION=@@COLLATION_CONNECTION */;
/*!40101 SET NAMES utf8mb4 */;

--
-- Database: `project-ujikom`
--

-- --------------------------------------------------------

--
-- Table structure for table `dataperjalanan`
--

CREATE TABLE `dataperjalanan` (
  `id` int(11) NOT NULL,
  `user_id` int(11) NOT NULL,
  `tanggal` date NOT NULL,
  `jam` time NOT NULL,
  `lokasi` varchar(128) NOT NULL
) ENGINE=InnoDB DEFAULT CHARSET=latin1;

--
-- Dumping data for table `dataperjalanan`
--

INSERT INTO `dataperjalanan` (`id`, `user_id`, `tanggal`, `jam`, `lokasi`) VALUES
(3, 31, '2022-02-22', '15:45:56', 'Blok.Melati No.29 Rt.12/03 Karanganyar Subang'),
(4, 31, '2022-03-02', '17:05:18', 'Hotel Plaza Subang'),
(10, 31, '2022-03-08', '01:15:07', 'Blok.Melati No.29 Rt.12/03 Karanganyar Subang'),
(11, 31, '2022-03-09', '07:35:03', 'Blok.Melati No.29 Rt.12/03 Karanganyar Subang');

-- --------------------------------------------------------

--
-- Table structure for table `history`
--

CREATE TABLE `history` (
  `id` int(9) UNSIGNED NOT NULL,
  `date` date DEFAULT NULL,
  `time` time DEFAULT NULL,
  `location` varchar(255) NOT NULL,
  `user_id` int(11) NOT NULL
) ENGINE=InnoDB DEFAULT CHARSET=utf8;

--
-- Dumping data for table `history`
--

INSERT INTO `history` (`id`, `date`, `time`, `location`, `user_id`) VALUES
(1, '1972-11-11', '04:56:07', '954 Fred Lane\nCronamouth, NJ 41922', 0),
(2, '1978-11-04', '22:58:01', '41076 Beatty Cliffs Apt. 462\nBergnaumport, MN 32026-0030', 0),
(3, '2011-11-13', '12:37:27', '92729 Mariam Views Suite 370\nRoderickchester, CT 21254-6872', 0),
(4, '2009-03-26', '19:53:17', '194 Duane Cove Apt. 503\nNew Elvis, MT 21929', 0),
(5, '1993-10-14', '18:01:21', '67708 Runte Station\nAdalinebury, AR 54737', 0),
(6, '2015-11-19', '20:17:41', '70077 Conn Highway\nSchulistburgh, WA 99522-4081', 0),
(7, '1986-05-28', '08:29:20', '40962 Dibbert Ramp\nNew Delpha, VT 50296', 0),
(8, '1995-11-16', '21:51:49', '3333 Feeney Walk\nClarkfort, NJ 08537', 0),
(9, '1983-08-21', '18:33:32', '61721 Rafael Canyon\nEast Nellastad, SC 44810', 0),
(10, '2009-02-28', '08:21:43', '2321 Huels Knoll\nWest Arnoldville, NV 86623-0081', 0),
(11, '2013-05-16', '05:16:03', '282 O\'Hara Curve\nPort Fabiolashire, MN 14408-4557', 0),
(12, '2009-11-05', '01:35:14', '7646 Bradtke Lodge Apt. 253\nPort Marcellusside, WV 83540-1119', 0),
(13, '1972-10-25', '18:51:27', '64951 Eula Knoll\nLake Chase, CO 28835-9142', 0),
(14, '2005-11-06', '10:56:13', '4271 Waters Tunnel Suite 470\nNathenhaven, KY 75806', 0),
(15, '1970-10-13', '12:18:44', '39405 Jeffry Knolls\nWunschborough, NJ 63338', 0),
(16, '1984-06-24', '01:54:43', '58980 Kirstin Garden Suite 943\nWest Columbus, MO 56436', 0),
(17, '1994-10-24', '13:25:36', '7261 Mollie Mews Suite 182\nKelvinbury, CA 49699', 0),
(18, '2018-01-22', '02:05:43', '50464 West Well\nBradymouth, SD 27747', 0),
(19, '2000-01-20', '17:24:27', '2942 Hilbert Path\nMosciskichester, TN 28739', 0),
(20, '1970-07-14', '23:36:59', '937 Lazaro Locks\nEast Katelynshire, ND 47286-0479', 0),
(21, '1976-12-22', '07:44:42', '0400 Garth Ranch\nPort Evelyn, AL 49000-1497', 0),
(22, '2020-08-27', '08:05:51', '676 Leuschke Mountains Suite 372\nSouth Herman, WI 56367', 0),
(23, '1994-10-12', '10:27:29', '1647 Kris Shoals Apt. 048\nWest Davon, GA 11020', 0),
(24, '1988-07-20', '10:50:06', '7842 Bergnaum Gardens\nSouth Amy, KY 66774', 0),
(25, '1971-10-30', '21:13:47', '26303 Fay Vista\nStreichview, OK 24280', 0),
(26, '1995-03-27', '18:58:31', '5415 Tabitha Lakes Apt. 568\nNew Lethafort, NY 37625', 0),
(27, '2007-06-25', '10:43:19', '0732 Lue Shores\nWillmsland, IN 41218', 0),
(28, '1996-01-26', '08:06:13', '29169 Stoltenberg Land\nEast Henri, RI 51320-1021', 0),
(29, '1973-04-06', '04:22:03', '2938 Gorczany Fields Suite 426\nEast Mohammadfort, NJ 20456', 0),
(30, '1974-11-09', '14:59:11', '51282 Alexandria Tunnel\nChristiansenchester, ID 06527', 0),
(31, '1988-04-08', '12:08:28', '92720 Nia Branch Apt. 836\nLake Leanne, MT 86383-0711', 0),
(32, '2008-04-27', '16:40:26', '661 Stephen Street\nAlexiechester, OK 63206', 0),
(33, '2002-07-07', '10:50:04', '7997 Turner Plaza\nO\'Connerchester, SD 45352-7475', 0),
(34, '2018-07-17', '04:26:49', '4811 Emelia Ranch\nDouglasberg, OH 68127', 0),
(35, '1994-09-14', '14:48:08', '02987 Mac Plains Apt. 383\nKohlermouth, VT 84858', 0),
(36, '1991-08-13', '13:35:22', '3888 Alessandro Walk\nCierrahaven, VA 67875', 0),
(37, '2016-05-10', '00:18:34', '5562 Ullrich Way Apt. 059\nNew Tiannamouth, WA 74291-6732', 0),
(38, '1979-03-09', '20:20:29', '33353 Donnelly Coves Apt. 895\nWest Revaburgh, NM 39563', 0),
(39, '1998-06-15', '13:19:34', '91427 Taylor Manor\nWeissnatstad, IL 50588', 0),
(40, '2017-09-25', '05:58:35', '913 Prosacco Mews Suite 527\nLake Carlohaven, MN 13740-4455', 0),
(41, '1987-02-01', '08:50:28', '813 Nicolas Expressway Suite 664\nSouth Camylle, MD 30714-4947', 0),
(42, '1972-08-05', '06:08:13', '4778 Stefanie Prairie\nNew Robyn, NE 12096-4257', 0),
(43, '2000-09-10', '12:24:26', '4766 Edyth Inlet\nNorth Leopoldoton, DC 56200', 0),
(44, '1994-01-07', '10:46:45', '6759 McGlynn Loop\nNew Felipeshire, AK 20972-3665', 0),
(45, '1986-09-29', '18:43:35', '2258 Wehner Mews\nGulgowskimouth, CT 64902', 0),
(46, '2015-01-06', '09:36:39', '675 Genevieve Plaza Apt. 473\nPort Missouriburgh, CT 45426', 0),
(47, '1971-07-30', '21:55:33', '91954 McClure Pike Suite 204\nZoilachester, SD 76454-4752', 0),
(48, '2001-01-03', '21:58:09', '60049 Mohamed Union\nWeststad, VT 72405-0932', 0),
(49, '1981-12-04', '04:19:43', '210 Chloe Inlet Apt. 575\nJanamouth, LA 23416-8055', 0),
(50, '1980-07-11', '15:46:04', '64611 Colleen Passage Suite 706\nWalterville, WY 12522', 0),
(51, '2003-10-26', '21:04:33', '00431 Elinore Mills\nWest Webster, CT 34412', 0),
(52, '1974-04-28', '21:55:52', '38267 Isabella Turnpike Suite 540\nWest Arianna, MS 11553', 0),
(53, '1982-05-14', '07:18:53', '8289 Hamill Mission Suite 554\nLake Lisa, GA 66334', 0),
(54, '2013-03-03', '23:10:08', '27718 Darrick Points\nAllenebury, MT 48657', 0),
(55, '2011-02-11', '15:01:21', '42402 Heidenreich Plaza Apt. 264\nRuthiefort, NH 80853-7157', 0),
(56, '2016-02-19', '07:50:58', '42396 Logan Port\nNew Savanah, SD 38378', 0),
(57, '2000-05-22', '02:49:40', '3437 Narciso Causeway Suite 263\nPort Tobin, OH 31789', 0),
(58, '1996-06-13', '08:26:00', '733 Eleanore Falls Apt. 746\nColinmouth, TX 48472', 0),
(59, '2004-10-25', '01:43:35', '0328 Constance Summit\nCotyview, VT 43699-0219', 0),
(60, '1988-07-11', '18:33:14', '60672 Hills Via Apt. 018\nLake Toby, ID 32269', 0),
(61, '2005-04-13', '07:00:31', '3478 Arne Mountains\nWest Evert, WA 06421-1044', 0),
(62, '2019-04-04', '09:06:06', '989 Rath Villages Apt. 990\nVirginialand, KY 42509', 0),
(63, '1974-09-04', '18:55:40', '114 Ethan Knoll\nDesireeshire, NV 82771', 0),
(64, '1983-03-13', '02:34:31', '661 Pfeffer Key\nBeierside, WA 26224', 0),
(65, '2001-10-29', '07:57:15', '37113 Jast Gardens Suite 378\nWilliamsonmouth, IL 79622', 0),
(66, '1993-05-02', '01:21:21', '4902 Hahn Fort\nSouth Orloton, CO 25894-4242', 0),
(67, '1984-06-04', '17:59:57', '285 Quinten Bridge Suite 783\nNorth Ludiemouth, LA 19183-6540', 0),
(68, '1986-11-09', '05:39:18', '81679 Asa Road\nPadbergland, GA 62667-0883', 0),
(69, '2003-10-26', '00:29:33', '583 Willow Cliffs Suite 428\nRennerhaven, MT 14113-7373', 0),
(70, '2019-04-24', '19:15:22', '379 Iva Union Apt. 904\nWest Lance, WV 11827', 0),
(71, '1976-08-31', '11:21:51', '90902 Gleichner Motorway\nDickinsonport, AK 21659', 0),
(72, '1986-03-03', '05:26:50', '05898 Horace Point Apt. 265\nKrisfort, ME 90245', 0),
(73, '1976-09-29', '00:11:25', '72339 Verdie Plain\nEast Mylesshire, ID 07290', 0),
(74, '1983-12-03', '04:35:22', '3128 Deckow Way\nWaltonchester, AL 50303-0060', 0),
(75, '1982-07-26', '13:43:30', '153 Aubree Plain Suite 151\nEast Oswaldoland, WA 15296-3678', 0),
(76, '1971-10-13', '11:05:33', '0203 Nicholaus Brooks\nMyrnaland, IL 37912-6021', 0),
(77, '1985-04-03', '09:26:06', '495 Lockman Burg Apt. 754\nNorth Gwenton, MS 13232', 0),
(78, '2014-06-21', '17:09:50', '416 Veum Cove\nNew Delaney, MS 38940-3501', 0),
(79, '2002-10-08', '06:10:35', '52358 Funk Knoll Suite 499\nCandidaborough, SD 44832-7955', 0),
(80, '2001-09-02', '21:08:26', '1513 Mabel Knolls\nLake Zita, WA 89663-4593', 0),
(81, '2006-04-15', '14:00:17', '97873 Jewel Roads Apt. 765\nStantonberg, MT 04158-4383', 0),
(82, '1972-06-07', '13:29:33', '4701 Kuphal Spur\nOdessashire, VT 98387-3726', 0),
(83, '2011-05-12', '04:44:55', '009 Green Motorway Apt. 598\nJavierton, GA 58402', 0),
(84, '1984-11-30', '20:51:57', '70009 Hermina Crossroad\nColinborough, IA 86035', 0),
(85, '2004-07-15', '13:01:44', '72778 Eloisa Viaduct\nEast Destinyland, PA 51013', 0),
(86, '1993-05-25', '06:01:18', '055 Florencio Common Suite 694\nKulasfort, AZ 41536', 0),
(87, '2007-06-26', '08:17:13', '638 Maci Flats\nWest Ayden, DE 91531-1527', 0),
(88, '2021-06-12', '17:59:25', '557 Jenkins Lights\nSouth Johnstad, OK 75933', 0),
(89, '1998-06-24', '05:28:04', '543 Kemmer Summit Suite 104\nPort Bettyberg, NH 16339', 0),
(90, '1991-06-17', '17:00:17', '9199 Moore Terrace Suite 388\nHiltonborough, TX 88898', 0),
(91, '2009-01-26', '16:23:24', '5214 Bins Lake\nNew Dale, FL 74732-5149', 0),
(92, '2010-11-16', '06:39:48', '46893 Horacio Lights\nAllieton, IA 34057-8225', 0),
(93, '2011-07-13', '01:36:04', '383 Haley Highway Apt. 619\nMaxside, NC 28049-4673', 0),
(94, '2005-01-16', '21:08:43', '18155 Raymundo Crescent Suite 593\nNew Stanleychester, NV 16798', 0),
(95, '2000-04-27', '03:22:40', '29003 Marquardt Lane Suite 509\nPort Kadin, TN 64820', 0),
(96, '2019-07-23', '02:06:37', '130 Matilde Spring Suite 217\nEliasstad, ID 82733', 0),
(97, '1999-03-19', '10:59:19', '751 Cortez Ridges\nAuerfort, NM 14774-6327', 0),
(98, '1973-01-02', '16:43:48', '581 Lew Shoals\nSouth Felix, DE 55800-4699', 0),
(99, '2021-05-18', '14:01:20', '335 Cornelius Extension\nNorth Candace, TN 85157-9949', 0),
(100, '1991-11-17', '16:19:52', '597 Brown Knoll\nSarinastad, WY 20236-5502', 0),
(101, '2001-11-05', '17:50:20', '2963 Wuckert Haven Suite 524\nEast Mason, GA 46633-4877', 0),
(102, '1980-08-19', '23:59:20', '697 Wisozk Circles\nWest Stephany, DC 27570', 0),
(103, '2009-11-16', '23:42:20', '832 Kunde Freeway\nNew Taniaport, MT 93495-1099', 0),
(104, '1996-05-02', '09:28:30', '08400 Logan Ports\nBoyleshire, RI 29207', 0),
(105, '1980-06-13', '18:21:32', '4804 Jast Expressway\nSouth Ramirochester, MO 29672-7473', 0),
(106, '2008-07-30', '19:28:59', '516 Kunze Summit\nNew Ettie, MS 71230', 0),
(107, '2020-07-27', '15:15:31', '0785 Kertzmann Locks Apt. 407\nEast Casimir, WV 94037-1625', 0),
(108, '1975-03-18', '00:27:20', '5433 Rau Via\nPort Nigel, CA 12851-9832', 0),
(109, '2021-07-06', '13:39:49', '04023 Israel Throughway Apt. 842\nOsbaldomouth, NM 28937', 0),
(110, '1990-09-23', '21:24:39', '4645 Mante Union Suite 750\nFadelborough, CA 63491', 0),
(111, '2014-10-10', '00:52:36', '9904 Borer Walks Suite 205\nEbertstad, KS 90595', 0),
(112, '2020-05-12', '22:39:34', '082 Senger Inlet Apt. 468\nEast Clevehaven, CA 00478-3754', 0),
(113, '1970-01-21', '22:05:32', '2117 Quigley Mall Apt. 839\nAbdulport, GA 62577-8655', 0),
(114, '2005-05-05', '18:44:49', '277 Corkery Extensions\nWardmouth, UT 99192-3685', 0),
(115, '2015-02-08', '07:58:35', '98253 Schimmel Roads\nWest Genevieve, NJ 66588', 0),
(116, '2007-09-15', '20:05:59', '324 Chelsea Hollow\nNorth Reid, WI 02334-9979', 0),
(117, '2010-12-20', '03:59:46', '0381 Stroman Tunnel Suite 357\nKrajcikmouth, TN 84562', 0),
(118, '1985-03-23', '03:10:56', '8946 Ottilie Ford Suite 179\nNaomieview, SC 97866-3449', 0),
(119, '1970-01-03', '20:30:15', '41330 Koch Manors\nPollichmouth, CO 26112', 0),
(120, '1981-09-18', '02:08:47', '90315 Kertzmann Walk\nLilianashire, MT 15010-6967', 0),
(121, '1980-12-25', '18:02:07', '8731 Magdalena Glens Suite 982\nBernhardland, CA 43090-5345', 0),
(122, '1974-02-12', '18:47:39', '143 Ellis Springs\nSouth Vita, AZ 18873-7094', 0),
(123, '1986-02-13', '02:33:06', '706 Mabel Valley\nAbagailville, MD 85047', 0),
(124, '1990-09-20', '11:39:27', '554 Makayla Mountains Suite 020\nSouth Golda, AK 27288', 0),
(125, '1987-04-10', '03:38:52', '65033 Elody Squares\nLake Napoleonland, AK 63050-7839', 0),
(126, '2011-04-14', '22:44:57', '72010 Zula Fall\nKingfurt, HI 23458', 0),
(127, '1993-08-18', '10:47:26', '44644 Nash Way Suite 286\nEricktown, ND 08525', 0),
(128, '1997-12-21', '07:05:36', '247 Kaitlyn River\nHarveyland, CO 16659', 0),
(129, '2003-01-25', '05:26:22', '6828 Helen Haven\nWest Darbyside, NM 42587', 0),
(130, '2008-08-30', '13:01:35', '20852 Rath Cape\nPort Stephanyville, MS 01876', 0),
(131, '2003-05-12', '07:16:51', '83816 Bernhard Park\nPort Leatha, ME 00525-5081', 0),
(132, '2011-07-31', '19:34:01', '681 Boyd Junction Apt. 674\nFerrychester, AR 80442', 0),
(133, '1970-04-29', '11:42:08', '4690 Amaya Overpass\nEvatown, VT 19461', 0),
(134, '1995-03-23', '23:51:24', '436 Quitzon Club Suite 939\nMonahanside, WV 06547-4415', 0),
(135, '1975-03-15', '17:00:06', '93881 Julianne Rest\nGiovannifort, HI 02584-6634', 0),
(136, '1997-02-02', '03:04:29', '16006 Kameron Hill Suite 262\nPort Ettieport, KS 55410-4238', 0),
(137, '1987-03-25', '09:11:42', '889 Schmitt Gardens Suite 824\nNew Frederikville, NE 77819-4578', 0),
(138, '2010-07-10', '14:39:31', '099 Conn Vista Suite 264\nGarfieldtown, ID 91634-3759', 0),
(139, '1992-09-25', '00:11:32', '092 Schmidt Plain\nHoegermouth, NY 29496', 0),
(140, '2005-08-27', '10:10:59', '16767 Buddy Canyon Apt. 928\nDelmerland, OK 84218-2294', 0),
(141, '1989-06-11', '16:11:08', '72394 Eloise Hollow Apt. 357\nOnaton, RI 21292-1097', 0),
(142, '2009-11-17', '22:39:43', '1788 Hamill Road Suite 520\nWilfordmouth, OH 05722-3579', 0),
(143, '2001-07-13', '21:50:57', '810 Eileen Well Apt. 581\nLake Beau, ND 90265', 0),
(144, '2003-07-29', '18:15:16', '62811 Emiliano Lodge\nLarsontown, VT 01598-6283', 0),
(145, '1971-06-06', '22:33:40', '6161 Eliezer Roads\nReggieburgh, MT 67853-8538', 0),
(146, '1986-08-31', '23:37:17', '2075 Predovic Key\nNorth Pascale, NC 83814-4265', 0),
(147, '1998-03-16', '01:59:14', '8895 Turner Estate Apt. 520\nWest Wernermouth, NM 36424-1724', 0),
(148, '1976-01-06', '13:50:20', '51168 Lulu Mills Apt. 884\nElouisehaven, ND 86429-7307', 0),
(149, '1970-12-09', '23:55:24', '2517 Kovacek Plains Suite 728\nNorth Mekhi, AK 54136-4021', 0),
(150, '2019-04-08', '16:12:54', '208 Stanton Coves Apt. 768\nSchultzmouth, UT 78923', 0),
(151, '1970-06-15', '12:36:11', '9393 Rowe Row Apt. 312\nWest Barneyville, NM 21192', 0),
(152, '1999-02-10', '10:18:00', '23515 Anastacio Circle Apt. 712\nPort Devin, VA 47744', 0),
(153, '1974-01-01', '20:59:06', '6712 Raynor Rapids Apt. 857\nWest Michaleview, PA 70097-7989', 0),
(154, '1995-02-25', '09:26:45', '74774 Estella Locks\nWeissnatton, DE 07282-5596', 0),
(155, '1975-10-29', '07:16:48', '8008 Verna Mountains Apt. 361\nTillmanside, WA 84967-0205', 0),
(156, '1997-10-29', '00:48:01', '5941 Ephraim Port Apt. 707\nCassandrefurt, TN 13416-0983', 0),
(157, '2013-06-28', '18:26:50', '226 Von Extension\nHudsonland, OK 47804', 0),
(158, '1979-11-19', '22:01:09', '74120 Marcia Orchard\nWest Cortez, RI 13403-8758', 0),
(159, '2005-02-27', '10:59:13', '1370 Gerhold Shores\nSouth Dariana, MA 34497-8721', 0),
(160, '2022-03-02', '09:02:16', '78251 Fatima Circle\nLelahmouth, HI 86661-8747', 0),
(161, '2021-02-15', '23:46:46', '05010 Tessie Club Apt. 506\nFraneckishire, AK 01024', 0),
(162, '2003-10-07', '21:28:38', '65022 Leonard Streets\nLake Noelia, WY 61483', 0),
(163, '2009-10-26', '07:33:13', '6228 Maeve Cliff Suite 204\nLenoreton, MN 62094-5921', 0),
(164, '2012-03-19', '05:32:02', '542 Schumm Stravenue\nSouth Lewfurt, WV 81800-7290', 0),
(165, '2019-12-06', '13:35:29', '19953 Jane Bypass Apt. 209\nEast Deja, WI 85053', 0),
(166, '1972-05-13', '11:35:42', '76235 Janiya Bypass Suite 852\nPort Careymouth, DC 22814-8199', 0),
(167, '2005-02-10', '17:02:20', '301 Ambrose Radial\nSouth Chayaport, MN 60808-9208', 0),
(168, '1977-01-15', '18:27:43', '47680 Rempel Park\nWest Elissa, SC 24145', 0),
(169, '2020-12-27', '13:52:45', '166 Blanca Overpass\nJaskolskimouth, UT 09653-0174', 0),
(170, '1994-02-28', '21:20:25', '59059 Lottie Plaza\nPaucekport, MI 82761', 0),
(171, '2013-07-16', '23:16:54', '8581 Carey Ridges Suite 447\nNorth Robertview, MN 16983-3221', 0),
(172, '1993-06-26', '09:16:39', '635 Alberta Bypass Suite 026\nNorth Kennithburgh, AR 45983', 0),
(173, '2003-09-13', '11:53:26', '0596 Mosciski Via\nEast Felton, FL 98426-2528', 0),
(174, '2006-10-12', '11:33:39', '4724 Balistreri Green\nNorth Wilmerfurt, NJ 78160', 0),
(175, '2007-10-15', '06:17:55', '3074 Dibbert Stravenue Apt. 360\nWindlermouth, OH 96017', 0),
(176, '1973-06-25', '22:24:01', '238 Witting Forks\nPort Haileemouth, SC 82630-8230', 0),
(177, '1988-08-30', '15:36:05', '693 Marlee Cliff Apt. 338\nDaniellamouth, HI 95589-2086', 0),
(178, '1975-09-25', '11:54:24', '681 Hilario Fork\nLake Elianport, WY 22937', 0),
(179, '2009-04-04', '15:51:44', '6166 Schimmel Dam Apt. 979\nNorth Daltonhaven, ND 52719-1705', 0),
(180, '1994-06-16', '00:49:09', '67398 Fadel Path Suite 044\nLilianeton, DE 12754-1052', 0),
(181, '2019-12-30', '03:02:07', '650 Armand Squares Suite 420\nNikolaushaven, RI 62946-0490', 0),
(182, '1996-10-02', '00:00:14', '67511 Farrell Villages Suite 521\nOsinskiland, NV 42289-9033', 0),
(183, '2018-07-19', '07:37:56', '38540 Garry Mews Apt. 092\nDeronhaven, TN 81349-7783', 0),
(184, '1983-01-10', '00:30:54', '16737 Valentin Plain\nHarveyberg, ND 27834', 0),
(185, '2016-06-06', '17:26:03', '9498 Henriette Radial\nLake Leola, PA 71786', 0),
(186, '1976-01-23', '13:24:20', '6071 Olson Bridge Apt. 394\nNew Elenor, NH 48619-0716', 0),
(187, '2000-02-12', '05:29:10', '4843 Litzy Motorway Apt. 675\nNorth Andy, NY 93484-5421', 0),
(188, '1995-04-04', '06:43:25', '246 Adan Hollow\nLake Brayan, VA 79636-0362', 0),
(189, '2008-01-25', '11:49:12', '2036 Jarrell Harbor\nStiedemannchester, IL 02541', 0),
(190, '1993-12-14', '16:01:09', '67360 Schaefer Brooks\nBartonmouth, WI 74730', 0),
(191, '1978-10-24', '23:55:19', '4943 Davis Creek Apt. 098\nWintheiserhaven, VA 49565', 0),
(192, '1984-06-22', '07:23:51', '15747 Brady River\nCarloston, MA 50827-3324', 0),
(193, '2020-08-05', '07:04:43', '2037 Viviane Burg Apt. 805\nHertastad, MD 64534-7344', 0),
(194, '2013-08-26', '04:16:48', '86082 Lowell Drive Apt. 984\nNew Austinview, CT 93593', 0),
(195, '1971-12-24', '19:46:54', '51566 Rowe Motorway Apt. 954\nPort Euna, PA 49370-1708', 0),
(196, '2012-05-19', '18:37:54', '777 Kessler Manors\nRoxanneville, WA 74710', 0),
(197, '1989-04-28', '22:52:06', '5763 Vida Motorway Apt. 781\nNew Maeshire, NC 89618', 0),
(198, '2017-05-10', '03:21:27', '52917 Ludwig Point\nBraedenfort, NM 70189', 0),
(199, '2011-01-10', '00:12:20', '4146 Treutel Estate\nRosinaburgh, DC 82592-8607', 0),
(200, '1981-07-07', '13:03:53', '73899 Simonis Wells Apt. 274\nToyshire, NJ 95947', 0),
(201, '1997-05-23', '13:06:40', '269 Bauch Stravenue Suite 659\nLake Daijashire, ID 13054-9419', 0),
(202, '1971-09-30', '10:32:53', '45434 Juliet Fall\nNew Albertha, NE 42205-0984', 0),
(203, '1993-11-16', '05:30:53', '45666 Myrtle Crescent Apt. 250\nPort Antonettetown, RI 50553', 0),
(204, '2005-01-15', '14:07:20', '37038 Spencer Course\nSouth Hollieside, DE 42248', 0),
(205, '2013-04-12', '01:55:13', '77645 Ophelia Roads Suite 927\nNorth Kristianberg, TX 38553', 0),
(206, '1972-05-08', '03:48:08', '897 Thora Rapids\nChristianside, SD 06100-8511', 0),
(207, '1982-06-13', '21:14:06', '604 Swift Mountain Suite 040\nBeulahberg, CT 19204-7440', 0),
(208, '2016-08-06', '18:39:39', '56817 Miller Coves\nHeathcotefurt, TN 87142-5703', 0),
(209, '2015-07-22', '01:39:05', '676 Madison Mountains Apt. 139\nKlockoborough, ME 66697-0489', 0),
(210, '2004-05-07', '18:38:25', '044 Becker Field\nLake Aidenville, WI 97326-3702', 0),
(211, '1985-03-30', '06:30:11', '88526 Olson Pines\nNorth Tobychester, WI 39467', 0),
(212, '1980-10-01', '01:01:14', '4200 Rubie Mission Apt. 641\nNew Leonelside, TN 33714', 0),
(213, '1975-05-30', '22:48:39', '3897 Littel Passage Suite 460\nDaytonfort, OH 27789-8577', 0),
(214, '1970-04-02', '10:06:42', '215 Ted Corners\nNorth Eldonville, TX 31259-0605', 0),
(215, '1992-08-15', '04:30:43', '944 Reinger Mountain Apt. 199\nWest Camren, PA 55921', 0),
(216, '2017-11-19', '10:40:04', '2050 O\'Reilly Trace\nRomanland, AK 34009', 0),
(217, '1994-08-14', '01:37:05', '95660 Welch Drive\nTorpton, NH 17365-7613', 0),
(218, '2012-10-18', '13:39:57', '2476 Yazmin Stream Apt. 606\nPort Danykaport, MT 37529', 0),
(219, '2006-07-16', '04:57:26', '4480 Maybelle Groves\nSouth Mona, MI 94208', 0),
(220, '2017-06-08', '22:29:58', '068 Jaeden Mountains\nNorth Ole, WY 79885', 0),
(221, '1988-06-22', '16:12:12', '085 Beverly Ways\nMillsview, MN 38756-0106', 0),
(222, '2012-11-23', '05:00:24', '138 Margarette Springs Suite 051\nSouth Orlandchester, DE 00533-2634', 0),
(223, '1998-02-13', '06:52:29', '82002 Fredrick Orchard\nReichelburgh, WY 96907-4439', 0),
(224, '1974-12-03', '21:53:30', '676 Bradtke Station Suite 723\nAndersonview, WI 97014-9006', 0),
(225, '2017-03-11', '15:49:50', '51701 Zieme Walks Apt. 625\nNorth Anselberg, SD 77407', 0),
(226, '2013-10-03', '18:10:40', '52212 Keely Glens\nSouth Dwight, VT 66454-4495', 0),
(227, '1979-01-18', '20:25:42', '488 Domenica Spring\nPort Liza, UT 34696-3558', 0),
(228, '1981-10-06', '09:48:00', '0147 Christ Lake Suite 321\nPort Sarinafurt, MT 88929-3841', 0),
(229, '2015-02-24', '17:03:06', '98267 Parker Mills Suite 908\nArnoldfurt, CT 08355-6380', 0),
(230, '2011-03-02', '07:47:39', '984 Morar Trail\nNew Valentineville, VA 00495-5544', 0),
(231, '2000-08-01', '19:03:08', '4971 Champlin Meadows\nEast Leaview, WY 52574', 0),
(232, '2000-09-19', '02:25:08', '661 Leonel Gateway\nDenniston, TN 46226', 0),
(233, '1993-09-15', '01:24:28', '19344 Cary Stream Suite 530\nMartyview, MN 42892', 0),
(234, '1998-03-16', '23:12:26', '914 Macie Union\nLake Greenborough, MA 46339', 0),
(235, '1994-11-14', '21:49:33', '56232 Cormier Streets\nWest Lucinda, SC 11025-5655', 0),
(236, '2021-06-17', '06:41:11', '7776 Witting Trail Apt. 195\nKonopelskifort, NY 54464-6295', 0),
(237, '1975-06-20', '02:46:26', '965 Carter Corner Apt. 813\nEast Bobbie, NH 02407-5616', 0),
(238, '2015-04-26', '22:44:35', '9663 Patricia Junction\nWest Aditya, NV 82821-6349', 0),
(239, '1989-10-13', '08:16:45', '27419 Hane Fall\nChristelleport, SD 03056', 0),
(240, '2008-01-04', '15:11:32', '50967 Della Passage Suite 855\nNorth Eloyview, OH 16188-1721', 0),
(241, '2010-08-21', '07:50:22', '214 Dorian Villages\nSouth Lonnie, HI 12796-6503', 0),
(242, '2010-02-26', '12:32:55', '86568 Mayert Prairie Apt. 795\nWest Everardo, LA 18160', 0),
(243, '2005-06-28', '00:02:47', '2004 Jairo Inlet Apt. 146\nPort Vickyshire, WA 24355-6662', 0),
(244, '1971-12-26', '23:49:25', '04347 Yost Lock\nEast Donaldtown, ND 65575', 0),
(245, '2017-07-23', '17:45:54', '15461 Flavio Passage Suite 885\nEmersonside, SC 50079-7342', 0),
(246, '1979-02-28', '04:32:17', '4731 Moen Forks Apt. 365\nCummingsfurt, AK 32399-5653', 0),
(247, '2017-04-12', '18:27:44', '776 Orpha Well\nJoshuafurt, WY 33242', 0),
(248, '1999-01-20', '07:03:29', '832 Barrows Flats Apt. 217\nLaverneton, VT 07224-7410', 0),
(249, '2006-07-29', '01:32:45', '317 Cleo Station\nFeestmouth, CT 89890', 0),
(250, '1971-03-21', '02:10:08', '2882 Kallie Drive Suite 100\nLake Lelahtown, NY 51867-4626', 0),
(251, '1976-12-23', '15:02:08', '427 Donnelly Light Apt. 998\nMcCulloughchester, DC 47551-4871', 0),
(252, '1994-03-09', '12:29:02', '42974 Beverly Rest\nChriston, PA 36727-2324', 0),
(253, '1990-03-07', '08:55:20', '4410 Bud Center Suite 790\nNew Teagan, MS 81175-1181', 0),
(254, '2013-01-22', '19:12:50', '26567 McCullough Locks\nWest Shany, AZ 65899-4940', 0),
(255, '2006-05-05', '01:32:30', '655 Emie Lake Suite 259\nFlossiemouth, MT 79925', 0),
(256, '2015-07-07', '09:24:16', '045 Devin Heights\nMartaview, TX 17455', 0),
(257, '2000-05-14', '16:01:47', '7714 Eloise Trail\nElouisefurt, WY 37790-4732', 0),
(258, '2008-03-24', '15:38:15', '2068 Kuhic Tunnel Apt. 667\nWest Samantha, PA 09730-9533', 0),
(259, '1986-08-08', '06:15:01', '931 Delmer Glen Apt. 752\nPort Lauretta, RI 96681-7501', 0),
(260, '2002-12-22', '22:46:37', '70043 Friesen Mall Apt. 348\nWest Catalina, CT 37701', 0),
(261, '1976-05-13', '15:44:15', '22386 Missouri Shoal\nSouth Lucieville, VT 26562-5201', 0),
(262, '1997-06-05', '07:07:51', '183 Jacques Knolls Suite 912\nMrazbury, AK 22479-3135', 0),
(263, '2016-05-03', '01:56:15', '825 Aufderhar Mountain Suite 023\nSammybury, IA 75409-3161', 0),
(264, '1973-10-09', '12:47:43', '034 Satterfield Pine Apt. 753\nBricebury, NY 47829', 0),
(265, '2004-06-14', '00:31:17', '3598 Madaline Junctions Apt. 760\nCristalchester, IN 75388', 0),
(266, '2001-08-27', '21:21:20', '442 Johnson Circles Apt. 547\nWildermanmouth, RI 19862-4937', 0),
(267, '1999-01-31', '16:11:42', '7244 Bruen Bypass\nHayleebury, ND 13150-8262', 0),
(268, '1979-09-28', '00:52:04', '13866 Watsica Ports\nDelphialand, GA 84789-1267', 0),
(269, '1979-07-01', '21:04:00', '33896 Annie Spur Suite 811\nEast Aurelie, OK 90759-5235', 0),
(270, '1984-08-28', '17:01:10', '54434 Jalyn Crossroad Apt. 087\nLake Alessandro, NC 09817', 0),
(271, '2016-07-04', '08:49:53', '70410 Herzog Shore\nTeaganburgh, NJ 14840', 0),
(272, '2003-08-17', '18:14:10', '31010 Orval Light Apt. 575\nNorth Alyciafort, OK 46204-0286', 0),
(273, '1999-06-06', '22:34:18', '284 Russel Crossing Suite 277\nNorth Josefa, NH 43802-8710', 0),
(274, '2005-12-11', '14:14:59', '2050 Clyde Knoll Apt. 459\nD\'Amoreton, TN 18048', 0),
(275, '2018-11-01', '10:27:55', '4607 Zboncak Parkway Suite 779\nLake Armanimouth, GA 17285-5197', 0),
(276, '1989-07-09', '15:00:01', '7938 Wilford Prairie\nWest Keanuport, FL 49032', 0),
(277, '2020-11-07', '07:23:39', '9719 Jaskolski Groves Apt. 619\nEast Susietown, CA 83240-4774', 0),
(278, '1998-06-15', '02:26:15', '693 Reichert Underpass Apt. 227\nLake Lewstad, CT 49726', 0),
(279, '2018-11-17', '07:02:14', '26887 Brown Points\nEast Lonfort, TX 43307-1877', 0),
(280, '2007-04-11', '02:03:09', '470 Leatha Flat Apt. 965\nPort Marcelinafurt, AZ 75215-3728', 0),
(281, '1987-05-28', '00:39:24', '246 Evie Trail\nNorth Valentina, NH 40429-4239', 0),
(282, '2013-07-20', '19:48:17', '88495 Alejandrin Tunnel Apt. 553\nRunteberg, SC 04346', 0),
(283, '2018-05-22', '08:03:08', '7255 Lubowitz Village Suite 934\nLake Theresa, KY 94589-1082', 0),
(284, '2015-08-01', '22:16:09', '94367 Anya Rapids\nCamilaton, MO 26468', 0),
(285, '1973-04-10', '10:12:13', '208 Jaylon Prairie\nCummingsborough, OH 55521-5066', 0),
(286, '1979-07-05', '02:27:26', '6682 Lemke Place\nRunteside, VT 23623', 0),
(287, '1992-12-31', '14:26:27', '25047 Huels Mission\nZakaryside, WY 49396-6773', 0),
(288, '1992-06-26', '13:51:55', '6886 Cassandra Plain\nSouth Lorenzaburgh, WV 37932-4791', 0),
(289, '1994-07-27', '22:16:18', '7748 Ratke Haven Apt. 525\nNorth Lauriannechester, MI 87084', 0),
(290, '1999-04-05', '08:56:36', '3412 Kara Drive\nTheodoreton, CA 35139-7561', 0),
(291, '1971-02-25', '19:03:38', '972 Meda Divide Suite 644\nPort Celia, WY 02196', 0),
(292, '2000-09-05', '22:14:14', '69703 Kemmer Mill\nRobelberg, RI 71138', 0),
(293, '2012-10-21', '10:48:43', '9393 Sandra Highway\nEast Leolafort, WV 43663', 0),
(294, '1999-01-27', '22:42:16', '44230 Selina Burg Suite 503\nEast Solon, AZ 44318-8987', 0),
(295, '2018-04-22', '05:25:01', '54051 Schuyler Trace Apt. 687\nHintzside, CA 95487-6029', 0),
(296, '2014-04-13', '01:32:02', '25969 Corwin Spring\nPort Branson, WA 50334', 0),
(297, '1983-05-07', '12:39:36', '70101 Mikayla Landing Apt. 123\nPagacville, VA 69622-9111', 0),
(298, '1987-10-28', '01:07:45', '90162 Swaniawski Crossroad\nAbbottton, AR 96912', 0),
(299, '1971-03-22', '09:34:07', '158 Langworth River Apt. 511\nDorrisbury, NE 05627', 0),
(300, '1972-12-26', '15:41:49', '0314 Selena Walk Apt. 883\nNew Dustin, NM 31266', 0),
(301, '1984-01-28', '03:50:15', '6852 Jeromy Knolls Apt. 816\nMaggioburgh, NH 26621-8297', 0),
(302, '2010-12-22', '03:09:04', '957 Hank Course\nBinsborough, AL 63505', 0),
(303, '1971-03-27', '06:06:22', '931 Zboncak Plains\nNorth Frankie, AR 25317', 0),
(304, '2009-12-22', '01:15:48', '10892 Theron Route\nPort Clarabelle, GA 88543', 0),
(305, '2005-09-06', '17:46:31', '231 Heathcote Union\nShakiraborough, MD 79695-3129', 0),
(306, '2014-06-09', '15:37:45', '09769 Jaeden Shoals Suite 854\nEast Christiana, NY 77465-2226', 0),
(307, '2006-08-06', '14:39:02', '93251 Legros Mission\nMarquardtshire, PA 80193-4983', 0),
(308, '1996-07-09', '22:47:46', '80938 Cormier Glens\nPurdymouth, ME 54145-2455', 0),
(309, '1980-04-02', '12:13:39', '71146 Metz Track\nSouth Amparo, HI 43082-9106', 0),
(310, '1972-04-06', '14:58:53', '48260 Aimee Branch Suite 442\nWest Alvera, ME 03437-5711', 0),
(311, '1995-07-08', '00:39:18', '4164 Abbott Key Apt. 402\nLake Otho, TN 53282-4062', 0),
(312, '1971-09-10', '13:54:55', '844 Jermaine Roads Apt. 694\nAnnieside, LA 91192-5332', 0),
(313, '2007-01-06', '08:02:42', '611 Mraz Way\nPort Leola, SC 88160-9325', 0),
(314, '2017-12-27', '12:19:31', '9170 Kohler Mountains\nWest Rupertview, IL 64432-8368', 0),
(315, '2002-07-26', '20:32:36', '725 Christy Summit\nNew Herminia, VT 74012', 0),
(316, '1984-10-27', '17:56:47', '93304 Christiansen Cliffs\nGoyetteside, AK 00469-7799', 0),
(317, '1982-12-16', '07:47:15', '8866 Janiya Run\nNorth Alishaburgh, UT 54043', 0),
(318, '2006-10-18', '23:47:43', '0064 Schumm Prairie Apt. 203\nEast Olaf, HI 23887', 0),
(319, '1981-11-22', '12:25:40', '54460 Buckridge Oval Apt. 214\nRyleyside, MO 32396-3158', 0),
(320, '1988-12-02', '20:54:15', '387 Kristofer Trail Suite 221\nEast Giovannaport, CT 22942', 0),
(321, '1990-10-30', '18:14:50', '6411 Hermann Haven Suite 677\nNew Carmella, SC 34746', 0),
(322, '1975-01-07', '08:09:28', '43524 Gaylord Meadows Apt. 908\nWardton, MI 14534', 0),
(323, '1995-01-23', '17:50:12', '5422 Rosemarie Court Suite 816\nWest Margaret, CA 97974', 0),
(324, '1988-10-24', '03:23:39', '49531 Spinka Port Suite 711\nGenesisfurt, PA 89777', 0),
(325, '1999-11-05', '16:12:03', '1207 Wiza Dale Apt. 536\nNorth Isom, KY 69796', 0),
(326, '1996-11-12', '04:16:58', '33184 Lera Knoll Apt. 312\nSouth Ryann, OR 27133-4978', 0),
(327, '2022-02-12', '00:09:43', '112 Torp Knolls\nLake Camylle, IL 00671-3210', 0),
(328, '1977-11-07', '02:05:27', '601 Mittie Mission\nPort Abdielchester, MS 63199-9903', 0),
(329, '2011-09-07', '15:44:15', '44313 Junior Crest Suite 640\nWest Beulahbury, CO 36368-3184', 0),
(330, '1982-02-08', '10:35:20', '36868 Elizabeth Oval\nPort Kamrynbury, TX 12099', 0),
(331, '1985-07-09', '20:10:07', '363 Feest Center Apt. 916\nBoganshire, NH 94156-7271', 0),
(332, '1975-01-23', '12:15:21', '1514 Buckridge Hollow Suite 764\nAlishaside, IN 04313', 0),
(333, '2020-03-06', '12:55:39', '139 Elias Crest Suite 838\nSouth Kevonside, WY 44173', 0),
(334, '1999-05-27', '12:59:34', '748 Lela Highway\nEast Geo, UT 62707', 0),
(335, '1994-03-27', '08:47:39', '2666 Rebeka Mount Suite 889\nMillerton, VA 53015', 0),
(336, '2002-10-10', '08:13:25', '69683 Ali Gardens\nKaiamouth, GA 76121', 0),
(337, '2013-05-29', '03:21:54', '7007 Tito Ville\nWest Wilmachester, MD 19510-5763', 0),
(338, '1997-03-12', '13:25:37', '0624 Streich Prairie Suite 645\nSouth Orion, MD 83849-7261', 0),
(339, '1988-11-04', '16:42:49', '1287 Borer Fields Suite 130\nKathrynemouth, OR 89899', 0),
(340, '2001-11-05', '15:39:33', '201 Langosh Trafficway\nWymantown, MO 18420-9817', 0),
(341, '1993-11-11', '01:56:09', '58204 Thiel Highway\nSouth Chazland, KS 24082-3029', 0),
(342, '1976-01-20', '06:18:57', '47700 Cleta Station\nChamplinside, FL 70278-1786', 0),
(343, '1995-12-27', '00:03:57', '203 Klocko Lane Apt. 008\nEast Dorothy, TN 23140-5378', 0),
(344, '2005-09-05', '09:13:29', '90983 Stokes Village Suite 332\nHackettport, NH 80144-6481', 0),
(345, '1987-06-06', '12:42:25', '870 Beverly Rest Suite 405\nBergstromside, TN 78613', 0),
(346, '1985-02-21', '19:45:46', '33478 Okuneva Oval\nPort Mekhi, NE 68300-6443', 0),
(347, '2011-10-18', '02:49:44', '02761 Champlin Knolls Apt. 550\nNorth Gersonside, VT 91343-7652', 0),
(348, '1992-07-02', '22:28:46', '8090 Baumbach Bridge\nTorpborough, SD 86418-4160', 0),
(349, '2000-01-19', '13:46:53', '4208 DuBuque Brooks\nEast Coby, MN 32927', 0),
(350, '1996-03-17', '21:31:16', '811 Shanahan Ridges\nArdellaside, IL 68116-3886', 0),
(351, '1971-01-10', '07:25:49', '72273 Ortiz Springs\nXandershire, CT 67494-4003', 0),
(352, '2005-11-03', '13:51:46', '3167 Rashad Heights Apt. 584\nKattieton, MT 56449', 0),
(353, '2004-10-23', '14:45:56', '72432 Schuppe Center Apt. 799\nRunteshire, DC 02851', 0),
(354, '1978-05-21', '14:08:33', '17624 Berge Locks\nBeckershire, WY 82234', 0),
(355, '1998-09-18', '02:32:07', '61487 Stark Village\nElsemouth, MT 95069-6165', 0),
(356, '1981-02-19', '08:35:47', '6993 Ursula Street\nSouth Joany, TN 26083', 0),
(357, '1977-01-07', '21:32:46', '417 Skiles Vista\nDestineyville, CT 78264', 0),
(358, '2020-01-02', '02:44:33', '5577 Daniel Views Apt. 161\nPort Shyannetown, MI 46108', 0),
(359, '1986-12-25', '14:12:58', '155 Linwood Walk Apt. 187\nNew Rogerstad, AK 18287', 0),
(360, '1997-01-01', '07:41:12', '7917 Jazmyn Prairie\nEast Crystelborough, NH 68070', 0),
(361, '2011-06-19', '07:26:54', '88207 Nayeli Isle\nTobintown, WV 85721', 0),
(362, '1997-09-02', '04:59:30', '9592 Rosalyn Underpass Suite 845\nWest Jacquelyn, KY 08673-6724', 0),
(363, '2001-01-30', '13:55:50', '06239 Rory Canyon\nTrinitytown, NM 90406', 0),
(364, '2019-10-17', '01:02:30', '316 Rodolfo Village Apt. 949\nEast Enrico, CT 22474-9469', 0),
(365, '2003-05-24', '13:47:48', '07276 Hegmann Divide Suite 009\nMyrtlechester, UT 76223-7908', 0),
(366, '2018-12-13', '17:39:28', '09522 Schuppe Shoals Apt. 385\nSouth Mariettamouth, MA 04761', 0),
(367, '2002-07-29', '20:26:45', '0321 Thiel Summit Apt. 977\nProhaskamouth, ID 03762', 0),
(368, '1975-12-01', '02:30:46', '67037 Abdullah Stravenue Apt. 411\nLake Roselyn, MI 73481', 0),
(369, '2015-04-20', '10:16:30', '03471 Runte Fork\nNorth Ikeside, KS 61606-8960', 0),
(370, '1970-07-16', '07:53:34', '261 Micheal Shore Apt. 904\nSauermouth, AL 92915', 0),
(371, '1979-01-07', '22:26:08', '428 McDermott Plaza\nEast Carissaside, KY 81384-8821', 0),
(372, '2004-08-09', '16:07:53', '5221 Watsica Plain Suite 024\nEast Madgehaven, AZ 88680-0749', 0),
(373, '1996-01-05', '10:05:51', '13896 Moen Canyon\nLake Freeman, ME 57038', 0),
(374, '1972-12-17', '12:04:26', '1480 Grant Mission\nSouth Rae, ID 75317-3288', 0),
(375, '1972-08-16', '11:41:59', '479 Schuppe Crossing Suite 178\nPort Santiagomouth, OK 87950', 0),
(376, '1985-02-07', '22:15:13', '240 Murphy Lane\nMyrlfurt, WY 41641', 0),
(377, '1999-06-08', '03:12:12', '48239 Orville Canyon\nKennedyport, WY 18778', 0),
(378, '2002-07-30', '09:15:01', '408 Paucek Center\nLake Maybellfort, CA 74812-1012', 0),
(379, '2004-04-13', '05:02:19', '579 Lizzie Crescent Suite 056\nFaheyport, KY 33799', 0),
(380, '1991-12-18', '03:15:42', '92405 Hamill Loop\nPort Emmastad, CA 28427', 0),
(381, '2020-08-31', '05:23:09', '2233 Gleichner Ford Apt. 833\nSchowaltermouth, LA 11602', 0),
(382, '1984-11-13', '11:41:56', '5621 Terry Landing\nJoshuabury, TN 61726', 0),
(383, '2017-09-07', '00:43:06', '2960 Kristoffer Fork\nNorth Cornelius, ND 58091', 0),
(384, '2018-11-30', '06:21:26', '171 Okuneva Highway\nPablofurt, MN 21570-6531', 0),
(385, '2017-04-05', '10:57:06', '09145 Homenick Alley\nPort Lerafurt, NH 01365-0988', 0),
(386, '1970-12-26', '10:05:16', '205 Tito Lights\nWest Clare, WI 76677-9094', 0),
(387, '1993-03-22', '21:56:20', '3141 Max Alley\nEast Abdul, VA 39762', 0),
(388, '2003-11-08', '20:09:29', '628 Kreiger Prairie\nSchmidthaven, MA 19374-0216', 0),
(389, '1995-01-21', '16:37:26', '482 Reynolds Groves\nPort Crystalburgh, MS 88742-2653', 0),
(390, '2012-01-04', '14:02:49', '643 Daniel Expressway Suite 361\nWest Donstad, NM 61288', 0),
(391, '1991-10-15', '13:38:10', '27574 Ziemann Drives Apt. 278\nWunschfurt, IN 99227-1227', 0),
(392, '2001-09-20', '17:30:15', '544 Senger Throughway Apt. 814\nConnview, IL 37344', 0),
(393, '2015-07-13', '12:25:08', '11080 Marquardt Dale Suite 114\nAntonettafort, AK 50577', 0),
(394, '1979-11-27', '02:59:20', '552 Aleen Branch\nNorth Triston, WA 70588', 0),
(395, '1989-04-27', '19:40:05', '8862 Molly Grove\nEast Madison, AK 14588', 0),
(396, '2011-08-05', '13:59:59', '959 White Dam\nNew Annabell, OH 83984', 0),
(397, '1984-11-08', '09:41:25', '18332 Green Ferry\nEdwardoburgh, MD 71840-5254', 0),
(398, '1997-10-21', '18:05:05', '4256 Jacobi Mount Suite 885\nReichertview, SD 11306-5881', 0),
(399, '1979-01-11', '04:46:44', '87396 Spinka Forges Apt. 725\nWest Melody, MS 83823-7911', 0),
(400, '1981-05-17', '17:17:08', '30046 Cassin Estates Apt. 038\nSouth Joshuahmouth, MO 06496', 0),
(401, '1972-12-26', '04:10:21', '46899 Heathcote Underpass\nSouth Judge, WI 14075', 0),
(402, '1989-11-14', '22:00:12', '7345 Hegmann Mission Suite 205\nPort Olinfort, WA 03931', 0),
(403, '1983-04-01', '12:10:28', '06033 Herbert Unions\nPort Taylorfort, VT 35939', 0),
(404, '2010-10-04', '16:20:10', '5423 Electa Estate\nWest Ebba, HI 85444', 0),
(405, '1980-08-17', '06:35:39', '43066 Paucek Drives\nWest Alden, IL 05926', 0),
(406, '1977-01-24', '23:19:18', '3796 Rubye Corners Suite 769\nJaskolskiview, NE 62937-5336', 0),
(407, '1977-06-11', '16:04:05', '20402 Klocko Inlet\nNew Mathias, AR 19677', 0),
(408, '2001-11-01', '22:37:23', '51520 Abernathy Light\nJerroldtown, OK 44055-7738', 0),
(409, '1983-06-14', '06:26:13', '336 Dexter Crescent\nNew Brenda, WA 20336', 0),
(410, '1997-09-17', '10:14:32', '68727 Tianna Plains Suite 877\nSusieberg, KY 41559-8905', 0),
(411, '1994-04-18', '06:16:06', '264 Jerde Highway Suite 399\nEast Glenmouth, OH 18379-1281', 0),
(412, '1979-09-06', '12:29:50', '6634 Nienow Hill\nWest Arvel, OK 34783', 0),
(413, '1986-12-20', '02:08:29', '89258 Krista Trafficway Suite 314\nPort Thora, NH 37180', 0),
(414, '1998-05-27', '20:20:45', '3629 Oda Heights\nPort Hertha, PA 14497', 0),
(415, '1980-03-21', '13:43:37', '43633 Boyer Ville Apt. 997\nStantonfort, KY 89435', 0),
(416, '1986-07-09', '16:10:48', '5581 Okuneva Court Apt. 814\nPort Vanessa, MO 81809', 0),
(417, '1987-02-19', '01:14:10', '40050 Balistreri Dam Apt. 342\nKeenanville, GA 21581-2849', 0),
(418, '1988-08-27', '00:05:21', '758 Alice Extensions Apt. 541\nKirlinmouth, KS 40973-6340', 0),
(419, '1999-07-23', '13:33:37', '329 Devonte River Suite 173\nHuelschester, MO 03335', 0),
(420, '2019-07-01', '23:18:14', '901 Rosendo Causeway\nNew Aurelia, WV 34162-7645', 0),
(421, '2013-01-12', '06:37:48', '720 Fahey Junction Apt. 028\nDurwardbury, NC 14860', 0),
(422, '2017-11-11', '22:13:02', '551 Royce Drive Apt. 482\nNew Rickyland, DE 38667', 0),
(423, '2021-10-08', '08:58:25', '58817 Turcotte Ville Apt. 850\nWest Lee, MS 88514-0198', 0),
(424, '1981-04-24', '04:17:58', '0414 Johns Lakes\nRiceview, GA 79129', 0),
(425, '2003-10-08', '03:27:55', '200 Larkin Overpass\nSouth Wilhelmineton, MO 68998-5594', 0),
(426, '2002-04-29', '03:50:12', '257 Keebler Shores\nEast Lisandro, SD 10305-4308', 0),
(427, '1987-11-23', '11:17:20', '415 Alphonso Heights Suite 557\nKshlerinville, MO 71799-4052', 0),
(428, '2010-09-12', '05:47:19', '22475 Rahsaan Views Suite 727\nBatzland, MD 20807', 0),
(429, '1993-10-19', '17:51:15', '83988 Price Village\nSchultzfort, HI 66424', 0),
(430, '2012-01-11', '08:27:37', '565 Greta Spurs Suite 737\nPort Candidotown, AZ 05931-3121', 0),
(431, '1980-09-19', '05:04:17', '1141 Botsford Shore Suite 869\nWest Victoria, VA 12910', 0),
(432, '1997-03-29', '15:27:14', '375 Jabari Unions\nSouth Amiya, WV 14331-0645', 0),
(433, '1980-08-03', '13:33:25', '36346 Augusta Plain Apt. 535\nLake Jovan, OR 71501-4893', 0),
(434, '2003-07-29', '17:41:30', '387 Abby Trafficway\nLake Curtborough, NH 27469-6924', 0),
(435, '1985-12-08', '11:45:21', '855 Schmeler Manors\nNorth Anikatown, NY 59955', 0),
(436, '1992-09-02', '08:09:51', '85996 Marina Route\nNew Zella, AL 08187-5575', 0),
(437, '2013-02-06', '17:53:03', '50060 Mayert Wells\nEast Kariane, GA 72175', 0),
(438, '1993-06-10', '19:52:54', '992 Hermann Shores Apt. 691\nSouth Jeffberg, MS 87122', 0),
(439, '1990-03-15', '14:07:47', '38496 Heloise View\nSouth Antonetta, KS 83016-6313', 0),
(440, '1994-07-04', '14:37:24', '667 Murray Summit\nOkeyland, WY 97016', 0),
(441, '2002-06-15', '23:35:45', '87589 Watsica Road\nNorth Thad, ME 03540', 0),
(442, '1973-06-28', '08:01:21', '233 Tyreek Shoal\nMurrayland, IL 37982', 0),
(443, '1998-07-12', '10:56:55', '25906 Barton Estate Apt. 155\nLake Giovannaview, IL 07417-4493', 0),
(444, '1988-05-29', '18:57:31', '2711 Ford Branch Apt. 028\nKaceyland, ME 10447-0633', 0),
(445, '1990-03-05', '21:41:22', '58275 Mariana Vista\nEast Jarredfurt, WY 02006-8883', 0),
(446, '1987-08-31', '20:51:19', '68137 Keebler Isle\nEast Mylene, CA 42058-8258', 0),
(447, '2014-08-27', '20:49:47', '83095 Gillian Forges\nNew Elvischester, VA 59063-5782', 0),
(448, '2008-02-03', '07:22:22', '316 Everardo Roads\nWest Althea, AZ 75647-4705', 0),
(449, '1993-03-04', '09:18:07', '476 Williamson Shore\nBennieland, FL 08047', 0),
(450, '2008-01-26', '09:44:57', '0697 Cortney Landing Suite 335\nSouth Jenifer, IL 57010', 0),
(451, '2011-12-03', '06:08:20', '079 Renner Gardens Suite 974\nAltenwerthborough, NH 17776-2401', 0),
(452, '1970-04-23', '07:54:14', '63991 Quitzon Spurs\nPort Malcolm, AZ 43700-9586', 0),
(453, '2019-09-25', '13:42:01', '15120 Ola Rapids Suite 050\nCasperland, FL 98150', 0),
(454, '2009-03-13', '09:33:48', '2499 Charlie Station Suite 641\nSouth Lindsay, ND 73014-0389', 0),
(455, '2007-05-24', '16:29:16', '92306 Garth Key Apt. 577\nLake Pierceside, WV 91223', 0),
(456, '1983-09-01', '13:25:01', '971 Kali Roads Suite 167\nSouth Lilla, WV 96769', 0),
(457, '1977-02-20', '07:25:39', '795 William Curve\nWest Abbigail, AR 71359', 0),
(458, '2005-10-27', '17:41:13', '68479 Delfina Shores Suite 341\nJazlynton, VA 60023', 0),
(459, '2017-07-02', '03:47:16', '75435 Reynolds Village\nEast Barrybury, LA 37168-8527', 0),
(460, '1985-07-28', '18:42:16', '65832 Augustus Knolls\nFidelmouth, ND 98255-6203', 0),
(461, '2017-01-29', '00:57:32', '324 Casper Islands\nNorth Nicoleland, NH 45298-6817', 0),
(462, '2004-12-29', '09:46:47', '65635 Dorian Gateway Apt. 752\nMoenfurt, MN 29580', 0),
(463, '2014-09-02', '16:07:54', '31882 Hollie Pike Apt. 248\nBlairmouth, OR 14236', 0),
(464, '2003-12-08', '11:24:15', '71916 Price Spring\nHagenesstad, AL 28369', 0),
(465, '1996-10-13', '22:52:59', '6089 Friesen Brooks\nSouth Rene, SD 10575-7602', 0),
(466, '2000-09-21', '20:00:56', '81235 Ariel Plaza\nBethanybury, NE 56391-4501', 0),
(467, '1990-10-01', '18:47:51', '81161 Beier Pine\nPouroston, TX 73899', 0),
(468, '2016-02-27', '03:58:30', '9306 Bradtke Stravenue\nMarianemouth, NM 97509-5861', 0),
(469, '2004-10-14', '10:34:38', '6722 Bernhard Expressway Suite 356\nWilhelminemouth, AZ 78603', 0),
(470, '1997-10-08', '05:11:40', '7399 Hoppe Track\nCaleighchester, DE 75049-2998', 0),
(471, '2002-09-18', '15:03:31', '9425 Kiehn Wall Suite 106\nLonnychester, IL 60086-7951', 0),
(472, '1989-10-03', '14:26:14', '350 Hettinger Points\nLake Allen, OR 46923', 0),
(473, '1994-11-09', '03:26:25', '684 Burley View\nNorth Barton, OK 33585', 0),
(474, '2012-12-27', '16:14:26', '23372 Bartoletti Crescent Apt. 243\nBabyborough, SC 46627', 0),
(475, '1985-10-04', '15:58:36', '2112 Mohr Mountain Apt. 931\nEast Jaquelinechester, NJ 91882-6641', 0),
(476, '2017-05-29', '15:25:30', '6998 Daugherty Valley\nKlockoview, TN 70668', 0),
(477, '2008-03-15', '12:38:33', '68704 Gisselle Turnpike\nRhiannonview, AR 02413', 0),
(478, '1990-09-01', '15:29:49', '661 Jailyn Haven Apt. 415\nSouth Wilford, SC 30579-1913', 0),
(479, '1992-10-21', '23:26:11', '2747 Leffler Crossing Suite 557\nOlliebury, AK 26172-3055', 0),
(480, '1984-11-15', '22:26:03', '009 Kirstin Burg Suite 614\nSouth Aliyah, LA 70925', 0),
(481, '2012-08-25', '13:33:56', '7834 Bauch Plains Suite 648\nEstebanfort, CO 33636', 0),
(482, '1996-12-08', '00:00:00', '472 Max Road\nSouth Margaretta, AK 44509', 0),
(483, '1996-04-08', '19:16:10', '04503 Eino Vista Suite 752\nNorth Oleville, KY 21147-4006', 0),
(484, '2002-07-07', '06:27:41', '2527 Aliza Pine Suite 189\nVolkmanstad, NH 56698-8563', 0),
(485, '2006-11-14', '03:21:26', '1299 Lenore Hill\nMcClurebury, MO 83997-3288', 0),
(486, '2008-01-10', '05:12:46', '2607 Faustino Glens Apt. 437\nAnsleyport, NE 74256-5982', 0),
(487, '1976-05-07', '19:24:35', '8063 Gina Flat Apt. 260\nNorth Jerry, RI 56458', 0),
(488, '2014-06-01', '15:51:27', '5173 Ally Squares\nNew Palmamouth, NC 66373-9311', 0),
(489, '1988-09-25', '21:03:38', '9961 Kaitlyn Views\nKadinville, NM 49491-9020', 0),
(490, '2005-03-24', '01:39:36', '4983 Braun Manor Suite 427\nLake Zelda, AR 99414-9084', 0),
(491, '2010-04-14', '02:24:08', '965 Towne Path Suite 582\nPort Leland, TN 34655', 0),
(492, '1979-01-02', '18:06:53', '914 Blanda Plaza Suite 602\nEast Lucianofort, KY 55185', 0),
(493, '1970-07-04', '14:55:23', '619 Bradtke Tunnel Suite 737\nNew Rita, FL 54711', 0),
(494, '1976-04-08', '07:35:54', '7681 Karelle Square\nColefurt, DC 05531', 0),
(495, '1976-05-05', '17:48:45', '26633 Miller Green\nPort Isaachaven, IL 27263-1578', 0),
(496, '2011-06-27', '03:01:20', '99061 Vergie Village Apt. 539\nRuthiehaven, NC 96416-9952', 0),
(497, '2002-11-09', '09:06:35', '69440 Glover Shoals Apt. 709\nWilliamsonport, WI 04931-2507', 0),
(498, '2015-01-02', '06:52:24', '83987 Ewell Orchard Suite 389\nNorth Durward, NH 63876', 0),
(499, '1983-07-17', '04:59:03', '408 Mateo Lake Apt. 095\nEmardview, NJ 74737', 0),
(500, '1989-07-07', '19:19:48', '1056 Jamel Centers\nSarahville, NJ 37153', 0),
(501, '2000-01-17', '19:10:52', '52259 Ruecker Island\nOndrickaton, DC 59529', 0),
(502, '2014-03-27', '11:25:25', '9007 Sheldon Mountains\nSauermouth, GA 66696-8178', 0),
(503, '1976-04-07', '17:02:59', '7768 Maci Islands Suite 325\nLake Chadd, DC 34615', 0),
(504, '1976-11-24', '09:19:56', '69661 Crist Haven\nEast Emilio, WI 13093-5828', 0),
(505, '1984-07-13', '18:46:50', '8190 Paucek Path\nRasheedmouth, AL 68911', 0),
(506, '2019-05-08', '22:50:19', '618 Wintheiser Prairie Apt. 246\nSouth Alanis, MA 83432', 0),
(507, '1979-11-02', '14:22:59', '268 Shanahan Knoll\nLake Mallory, WY 33635', 0),
(508, '2005-03-21', '21:35:31', '08239 Marco Bridge Apt. 884\nMooreshire, NH 93582', 0),
(509, '2006-08-13', '12:16:10', '3909 Goodwin Cape\nWilliamborough, UT 71194-2513', 0),
(510, '2007-10-02', '07:29:19', '769 Elian Underpass Apt. 806\nJazlynberg, RI 86968-7482', 0),
(511, '2019-08-17', '22:26:51', '60227 Rodger Field\nLake Finn, IA 93108', 0),
(512, '2010-03-16', '08:09:43', '47121 Denesik Mount\nPort Oscar, OK 17726', 0),
(513, '1978-01-22', '03:26:04', '46153 Regan Gardens\nPort Jacklyn, SC 97301-6760', 0),
(514, '2004-02-28', '21:29:52', '99953 Friesen Rapids Suite 213\nWest Janiston, AK 02863', 0),
(515, '2010-08-01', '07:05:25', '145 Kaci Corner\nAubreyhaven, WY 66212-8966', 0),
(516, '1985-01-30', '19:45:38', '443 Lamont Light Suite 133\nKossstad, NE 39862', 0),
(517, '1979-08-14', '18:43:58', '730 Kulas Unions\nEast Lolita, WI 24853-3904', 0),
(518, '1973-01-31', '22:17:20', '9750 Hills Isle Suite 670\nGranvillehaven, RI 98054', 0),
(519, '1985-05-03', '14:27:30', '41361 Toy Islands Suite 021\nWittingborough, MA 14722-7509', 0),
(520, '1987-11-19', '08:32:15', '14418 Rohan Fort Apt. 209\nLake Genovevafurt, DE 19073-0939', 0),
(521, '1990-04-21', '22:59:02', '82481 Deion Overpass Suite 842\nLake Jonathon, WA 18623', 0),
(522, '2010-03-01', '19:48:59', '57919 Kemmer Freeway Suite 683\nHerminamouth, MN 04212-6979', 0),
(523, '1986-04-29', '03:29:41', '3787 Heaney Drives\nNew Pollyport, WV 48016', 0),
(524, '1997-09-01', '23:10:36', '38319 Loyal Throughway Suite 197\nJohnstonborough, MS 84614', 0),
(525, '1991-04-16', '13:08:59', '63169 Haleigh Canyon\nLake Mohammad, OK 21822-2434', 0),
(526, '2001-02-21', '21:22:40', '598 Heaney Gardens\nNorth Kristian, AL 88319', 0),
(527, '1970-09-09', '15:14:17', '47084 McCullough Hill\nIsidrofurt, SD 47668-1361', 0),
(528, '1984-07-30', '20:11:06', '08893 Ashton Ridge Suite 903\nKihnton, ND 43235-2300', 0),
(529, '2014-07-17', '16:27:12', '42456 Mariela Ridge\nPort Wainobury, AR 75803', 0),
(530, '2010-06-30', '00:14:14', '3122 Hayes Rapids\nNew Alfredastad, DC 51530', 0),
(531, '1977-12-04', '00:03:24', '446 West Knoll\nHermanberg, SC 95233', 0),
(532, '2011-09-23', '04:42:41', '04202 Rozella Estates Suite 783\nKeeblerport, LA 06811-1457', 0),
(533, '1979-11-02', '00:00:56', '856 Schmidt Causeway\nWeissnatmouth, IA 53559', 0),
(534, '1992-03-22', '15:41:15', '84988 Pouros Gardens Suite 628\nEast Bud, OK 32104', 0),
(535, '1971-11-23', '00:24:43', '9973 Abner Keys Apt. 125\nAbeberg, UT 84112-7035', 0),
(536, '1995-01-15', '12:46:47', '26636 Thompson Plains\nKendrabury, TN 22995', 0),
(537, '1998-03-16', '19:44:20', '5426 Joey Falls Suite 692\nRoweville, NM 26373', 0),
(538, '1995-11-25', '01:15:57', '95769 Schaefer Plain Apt. 490\nCarolinamouth, OH 84907', 0),
(539, '1973-01-25', '18:22:58', '32884 O\'Kon Summit Apt. 600\nHagenesland, MA 92314', 0),
(540, '1999-11-09', '14:20:37', '864 Krajcik Burgs\nPort Warren, NM 19284', 0),
(541, '1988-05-07', '00:29:07', '0756 Gottlieb Drive Apt. 573\nPort Kelvin, VT 80311', 0),
(542, '2010-03-16', '11:13:50', '1338 Koch Spurs Suite 645\nNew Jerel, VA 62341-4470', 0),
(543, '1992-08-28', '11:24:54', '222 Rosenbaum Turnpike\nEast Keara, MS 59478-1989', 0),
(544, '2009-01-11', '20:36:56', '783 Hirthe Heights Apt. 937\nWest Gailview, CO 12603', 0),
(545, '1991-12-17', '21:56:15', '2233 Gerlach Port\nKennystad, VA 70195', 0),
(546, '2009-07-10', '20:01:45', '192 Marvin Trafficway Apt. 142\nTrompbury, NV 56337-8884', 0),
(547, '2003-03-29', '14:07:09', '562 Claudie Hollow\nLake Aniyah, MO 36025-2573', 0),
(548, '2017-08-15', '15:07:43', '410 Ludwig Tunnel Apt. 034\nPort Deshauntown, AZ 22034', 0),
(549, '2021-01-23', '01:24:48', '107 Demond Spur\nKarsonburgh, MA 38011', 0),
(550, '1980-01-02', '06:01:02', '34717 Goodwin Camp Apt. 796\nLake Deontaeburgh, WA 94770', 0),
(551, '2008-04-04', '19:19:01', '25836 Prohaska Loaf Apt. 301\nSouth Ashlee, FL 26405-5999', 0),
(552, '2019-12-22', '01:23:12', '788 Torey Cape Suite 198\nSouth Majorstad, MA 45740-0211', 0),
(553, '1971-12-08', '10:32:03', '3970 Heidenreich Loaf\nMcClurechester, AZ 62779-2116', 0),
(554, '1992-11-09', '11:09:51', '7077 Nader Plaza\nEast Natashaville, WV 31660-5230', 0),
(555, '2020-06-13', '23:21:36', '0005 Muller Island\nAdachester, VT 71359-7648', 0),
(556, '1973-07-04', '11:43:06', '9769 Williamson Corners\nNorth Danteland, IN 94167', 0),
(557, '1990-11-18', '15:18:13', '4307 Shanie Views\nEmmerichtown, NC 27122-0797', 0),
(558, '2017-11-14', '22:07:41', '06019 Devan Mountain Suite 401\nNew Ruthe, VT 61290', 0),
(559, '1970-01-08', '04:10:20', '411 Emmerich Port\nEast Arlomouth, NE 19541', 0),
(560, '1990-11-22', '22:55:13', '276 Alexandria Gateway\nWest Johnathontown, KY 12075', 0),
(561, '2002-08-03', '21:19:01', '5238 Crooks Shoals Apt. 284\nMacejkovicport, IN 05360', 0),
(562, '1978-03-12', '16:33:26', '51540 Reese Locks Apt. 978\nLake Brenda, MS 85796-8837', 0),
(563, '1990-09-06', '14:42:55', '1760 Adaline Branch\nEricaport, NY 30092-9997', 0),
(564, '2017-02-01', '20:43:48', '613 Isac Forest Apt. 365\nWillland, MI 29600-7161', 0),
(565, '1984-07-27', '13:51:44', '8225 Franecki Gateway Apt. 700\nElenoraside, WV 17362-8456', 0),
(566, '2014-02-19', '11:34:31', '700 Beatty Courts Apt. 575\nJerdehaven, IA 57647', 0),
(567, '1997-09-21', '19:09:21', '371 Blake Forks Suite 806\nCandidaborough, CO 09469-7602', 0),
(568, '1980-09-20', '05:44:58', '8314 Harmon Ways\nAuertown, AL 36466', 0),
(569, '1995-07-02', '00:59:09', '79715 Roy Locks Suite 723\nKochton, MS 94405', 0),
(570, '2004-02-22', '15:09:57', '441 Hagenes Points\nEast Vincent, DC 30913', 0),
(571, '2010-09-05', '07:29:23', '60294 Krista Squares Apt. 542\nEast Isabel, NH 97056-7592', 0),
(572, '2012-09-23', '01:24:42', '61875 McCullough Lake Suite 822\nWillmsland, MO 39772', 0),
(573, '2017-03-06', '02:01:20', '182 Wolf Crest Suite 680\nNicolasmouth, MD 11418-4078', 0);
INSERT INTO `history` (`id`, `date`, `time`, `location`, `user_id`) VALUES
(574, '1989-05-21', '10:01:54', '056 Cronin Wall\nEffertzville, SC 11277', 0),
(575, '1990-10-06', '15:37:02', '233 Zboncak Gateway\nPort Dewitt, AR 12818', 0),
(576, '1976-07-31', '11:31:45', '981 Schroeder Stream\nMayashire, DC 47751-2701', 0),
(577, '1984-03-11', '15:04:24', '569 Reynolds Villages\nNew Ryann, NE 10083', 0),
(578, '1992-06-10', '00:43:43', '54084 Abbott Turnpike\nEast Calebchester, AK 46587', 0),
(579, '1981-04-21', '20:26:17', '51611 Dickinson Circle\nTrevafort, WY 16134', 0),
(580, '1984-05-16', '16:36:32', '92841 Nicolas Track\nSouth Garrybury, OK 48064', 0),
(581, '2018-04-04', '04:26:08', '650 Emmie Summit Suite 583\nBednarside, NH 72064', 0),
(582, '1975-02-12', '00:55:35', '4327 Dylan Branch Apt. 214\nNew Madalineberg, NE 01431', 0),
(583, '1987-10-16', '15:30:37', '914 Kub Glens Apt. 352\nMaemouth, AR 30580', 0),
(584, '1998-02-21', '11:48:58', '7023 Chasity Via Apt. 390\nNew Dominic, NH 59646', 0),
(585, '2013-12-05', '00:27:01', '279 Nico Fort\nPort Lenny, OH 82876', 0),
(586, '2004-11-12', '23:50:40', '66009 Rogers Pine Apt. 799\nPort Nicole, NC 58588-6342', 0),
(587, '1988-07-04', '23:41:54', '95575 McClure Viaduct\nNorth Alfonzoview, MA 49717-9389', 0),
(588, '1986-11-04', '11:47:01', '0448 Gaylord Manors\nRolfsonstad, MT 53224-6820', 0),
(589, '1981-09-01', '22:22:38', '3169 Barton Spurs Suite 664\nPort Daron, MT 41119-6979', 0),
(590, '2011-12-09', '08:31:06', '2694 Aracely Mountain Apt. 620\nLake Lydamouth, CO 04191', 0),
(591, '1992-09-06', '12:15:16', '5351 Wendy Garden Apt. 297\nAngelinefort, MO 86332', 0),
(592, '1987-12-19', '06:37:31', '10408 Rohan Crescent\nPort Robbie, MA 11581', 0),
(593, '1970-12-22', '10:24:02', '8380 Bryana Mews Suite 936\nHarrisburgh, NY 35171-1291', 0),
(594, '2006-11-03', '21:23:00', '459 Sister Courts Suite 104\nSouth Darrylmouth, WI 59737', 0),
(595, '1974-07-16', '11:50:04', '38350 Lori Curve\nLouton, NY 53887', 0),
(596, '2019-10-28', '04:23:14', '560 Jaylan Spurs Suite 527\nEast Lianaborough, ME 12381', 0),
(597, '2009-07-19', '06:36:59', '0868 Darrion Road Suite 063\nRachaelstad, NM 92331-0624', 0),
(598, '1985-06-11', '03:13:13', '938 Jaskolski Brooks Apt. 596\nLake Zoraland, MA 81827-9352', 0),
(599, '2002-12-20', '19:19:20', '6562 Rice Squares\nSouth Jeanne, UT 18313', 0),
(600, '1992-08-01', '00:28:49', '483 Fisher Haven\nPort Pattieview, WY 71521-9966', 0),
(601, '1997-06-09', '09:58:03', '3878 Declan Path Suite 374\nLake Melba, LA 10185', 0),
(602, '1989-07-13', '09:57:43', '6604 Schneider Bypass\nEast Rethaside, TN 16158-5706', 0),
(603, '2012-05-11', '12:20:02', '4180 Kilback Neck Apt. 351\nHermannfurt, WI 90488', 0),
(604, '1998-01-15', '07:20:27', '224 Monroe Forges\nWest Ike, IL 07816', 0),
(605, '1978-07-31', '02:36:38', '087 Spencer Wells\nHintzshire, NY 23862-8753', 0),
(606, '2014-09-23', '17:26:12', '1310 Lind Lane\nNorth Sigridville, FL 87082-3758', 0),
(607, '2000-03-15', '18:14:22', '41485 Hoppe Plains\nWest Jennyfer, OH 89944-7649', 0),
(608, '2017-11-21', '17:31:13', '573 Aaliyah Spring\nSouth Yasmeen, OH 71419', 0),
(609, '1991-02-03', '03:18:29', '28369 Daugherty Loaf Apt. 195\nVictorburgh, SD 90463-1538', 0),
(610, '1985-06-03', '02:26:57', '86731 Lesch Parkway Suite 814\nNorth Chelsie, KS 67872-5624', 0),
(611, '1981-05-22', '09:15:20', '7348 Pfannerstill Underpass\nNew Jesseville, AK 59947-1884', 0),
(612, '2008-08-11', '21:50:02', '96413 Sean Meadows Apt. 035\nFadelbury, NV 68530', 0),
(613, '2002-02-02', '21:42:57', '4433 Upton Ridges Suite 657\nFerneview, IL 43277', 0),
(614, '1975-02-09', '01:00:30', '06199 Kerluke Center Suite 148\nJakubowskifurt, MI 10593', 0),
(615, '2016-04-29', '03:21:06', '69170 Art Hill Apt. 373\nEast Jennings, PA 00366', 0),
(616, '1972-05-25', '08:56:45', '068 Effertz Spur Suite 414\nNew Davonmouth, HI 48205', 0),
(617, '1979-11-26', '05:51:26', '3639 Alayna Extensions\nPaoloside, AZ 32324', 0),
(618, '2008-08-29', '18:20:47', '3530 Earnestine Ways Apt. 509\nNew Dameon, KS 51167', 0),
(619, '1996-11-05', '13:42:06', '31856 McCullough Lodge Apt. 592\nNevaland, AZ 58207', 0),
(620, '1974-08-03', '13:28:11', '8943 Donnelly Springs Apt. 483\nNew Krystina, NJ 38433', 0),
(621, '1995-03-20', '10:58:00', '382 Jessica Stream\nLangborough, ND 88663-3787', 0),
(622, '2002-11-25', '00:52:40', '028 Hills Glen Suite 119\nSouth Thad, CA 53599', 0),
(623, '1982-09-14', '18:20:44', '2330 Wehner Unions Apt. 624\nJermainview, IA 56297', 0),
(624, '1976-04-11', '10:58:11', '890 Tremayne Valley Apt. 678\nSouth Freddy, WY 83487', 0),
(625, '2005-06-30', '00:18:22', '658 Lind Shoals Apt. 538\nLarryborough, NY 16239-4040', 0),
(626, '1977-04-10', '19:16:24', '03191 Dangelo Gardens Suite 002\nGerholdport, SC 61397-9173', 0),
(627, '2007-11-10', '15:56:15', '2696 Schiller Islands Apt. 120\nEast Davion, LA 71597-9271', 0),
(628, '2015-06-20', '17:02:26', '809 Jones Island Apt. 724\nWest Sydniview, VA 88043', 0),
(629, '2012-06-05', '19:22:57', '462 Schinner Road\nWest Ashleighland, AK 91309-6430', 0),
(630, '1974-11-18', '19:58:47', '7264 Jerod Freeway Apt. 903\nAugustaberg, MO 40115-2968', 0),
(631, '1979-07-01', '18:59:26', '3278 Hazle Forks Apt. 623\nEast Dennisview, ME 20971-8403', 0),
(632, '1996-05-16', '22:09:27', '2322 Estel Motorway\nPollichbury, ME 68296', 0),
(633, '1986-05-17', '17:52:08', '3758 Felipa Cliffs Apt. 728\nEast Lelah, DC 80348', 0),
(634, '1994-04-24', '10:59:31', '18600 Metz Rue Suite 564\nNew Juanita, AR 95861-2540', 0),
(635, '2001-06-30', '06:20:32', '1507 Katherine Mountain Apt. 487\nPort Bradleyfort, MN 72644-4557', 0),
(636, '1977-09-02', '07:46:22', '255 Louisa Throughway\nEast Natalie, LA 51808', 0),
(637, '2017-12-24', '22:27:04', '629 Lehner Harbors\nLake Lela, MD 94589-5711', 0),
(638, '2004-06-06', '13:22:10', '4293 Alba Courts Suite 874\nHallemouth, DE 27642-2135', 0),
(639, '2001-11-24', '04:33:11', '58238 Nedra Field\nLake Adelle, AZ 95803-2246', 0),
(640, '2000-11-05', '14:56:18', '30157 Jake Motorway\nMargareteview, ID 28832', 0),
(641, '2008-11-27', '19:59:43', '5263 Cornell Rue\nTiaraborough, WI 92522', 0),
(642, '1980-02-13', '17:51:51', '456 Jacobi Unions Apt. 769\nNew Lyric, VT 49363-6461', 0),
(643, '1980-01-11', '12:41:14', '788 Cora Spur\nKylershire, WI 37049-1939', 0),
(644, '2017-08-06', '12:24:06', '04743 Hauck Estates\nDaijaside, NJ 59010', 0),
(645, '1976-04-29', '12:04:57', '5773 Rory Gardens\nLuettgenberg, AL 13467', 0),
(646, '1999-01-27', '19:47:20', '4916 Arnold Loop\nLeschville, NY 05396-2766', 0),
(647, '1987-12-15', '00:49:38', '8474 Noah Summit Suite 417\nLake Ezequiel, CA 13667-3984', 0),
(648, '2007-01-17', '14:16:51', '0932 Shyanne Fall\nConstanceburgh, ND 04604', 0),
(649, '2000-10-23', '03:45:00', '7505 Robel Passage Apt. 136\nWest Catalinaburgh, MO 18131-5044', 0),
(650, '2008-07-11', '15:47:56', '86632 Cletus Throughway\nNorth Moriah, MI 61902-6011', 0),
(651, '1974-10-14', '22:37:42', '465 Gorczany Island\nKundetown, MA 81386', 0),
(652, '2022-01-29', '10:22:31', '5512 Hoeger Mountains Suite 821\nEmmerichhaven, SC 43185-7264', 0),
(653, '1971-11-17', '13:51:00', '5393 Windler Shores\nStromanshire, ND 04363', 0),
(654, '2007-05-05', '04:44:07', '27836 Jermaine Vista Apt. 702\nLake Emmet, NH 67832-7849', 0),
(655, '1986-08-08', '09:54:49', '1830 Moen Port Apt. 534\nFaeland, NJ 46401', 0),
(656, '1976-08-10', '08:17:12', '50973 Konopelski Mountain\nEast Gage, IN 29850-5836', 0),
(657, '2012-01-31', '18:21:15', '600 Dickinson Harbor Apt. 110\nEast Ricardoville, IA 01132-6025', 0),
(658, '2010-06-20', '19:09:55', '02956 Ressie Turnpike Suite 957\nLake Carli, NV 15763-2123', 0),
(659, '2006-06-12', '06:42:46', '48832 Laney Forks Suite 175\nMcCulloughshire, NJ 73563-2612', 0),
(660, '1993-06-11', '20:48:35', '54450 Collins Parkway\nIsabelberg, KY 98065-2898', 0),
(661, '1977-09-22', '10:53:29', '319 Garry Inlet Apt. 679\nFaheyhaven, IN 10531-4884', 0),
(662, '1987-01-11', '04:55:50', '96889 Runolfsdottir Corners\nLangbury, MN 38877', 0),
(663, '1975-01-02', '18:55:16', '082 Guiseppe Plain Apt. 360\nDareside, TX 08758-3496', 0),
(664, '2020-08-22', '07:18:07', '095 Welch Trafficway\nPort Percival, SD 44305', 0),
(665, '1977-11-29', '07:44:11', '8669 Carolyne Corner\nPort Dockport, NY 15128-9954', 0),
(666, '1977-02-16', '12:20:47', '8946 Douglas Lock\nNew Dawn, CA 19707', 0),
(667, '1990-10-14', '23:15:14', '21565 Schroeder Cliffs\nCormierfurt, TN 48350-5922', 0),
(668, '2004-01-08', '03:50:24', '85521 Orval Circles Apt. 317\nMurlshire, IL 79423', 0),
(669, '1978-09-27', '01:22:06', '0589 Gulgowski Corner\nMadgeside, UT 18645-3764', 0),
(670, '2021-05-25', '05:07:59', '90865 Derick Villages Apt. 120\nDibbertview, CO 96663-3868', 0),
(671, '1979-02-05', '10:26:05', '98739 Skyla Course\nWest Billie, NH 16317-1982', 0),
(672, '1979-07-11', '23:34:37', '952 Ratke Points Apt. 262\nBarrowsside, TX 81760-8291', 0),
(673, '2020-04-21', '19:13:01', '23057 Kennedy Terrace Apt. 409\nNedraborough, NY 03612', 0),
(674, '2011-05-07', '06:17:02', '62686 Ruecker Plains\nLake Bellamouth, OK 98796', 0),
(675, '1973-04-02', '19:07:31', '09223 Brown Unions\nLetitiaville, CT 24035-3742', 0),
(676, '2017-03-27', '19:33:22', '339 Callie Terrace Apt. 522\nAlfonzoland, MI 82965', 0),
(677, '1985-03-23', '19:29:00', '718 Henri Village\nEast Judd, LA 03928-1341', 0),
(678, '2002-01-18', '05:06:17', '36808 Tyson Isle Suite 676\nNew Daren, AK 00644-4141', 0),
(679, '2004-10-24', '13:27:17', '80358 Charley Curve\nFritschburgh, NY 16546', 0),
(680, '2022-01-04', '18:50:38', '83385 Carter Mountain Suite 884\nWest Hallie, ME 79127-5897', 0),
(681, '2005-04-20', '08:24:51', '2617 Cameron Mountains\nNorth Cieloport, NH 28864-7358', 0),
(682, '1993-10-24', '10:52:26', '5202 Hartmann Spring\nWest Kamrenton, WY 43956-7009', 0),
(683, '1978-04-05', '01:06:01', '65391 Wilderman Street Apt. 125\nSouth Hansside, LA 10468-3338', 0),
(684, '2019-04-11', '04:08:01', '586 Clement Rest Suite 348\nPort Priceshire, MN 27924-9473', 0),
(685, '1974-05-06', '21:15:53', '7280 Williamson Crossing\nNorth Clevefort, DE 38655-1296', 0),
(686, '2015-06-24', '20:21:33', '6367 Kulas Crest Apt. 284\nWardmouth, ID 55460', 0),
(687, '1982-06-24', '05:36:31', '25198 Alvis Courts\nJennieside, MI 43749', 0),
(688, '2013-12-10', '03:47:14', '91247 Juvenal Alley Apt. 912\nO\'Reillyburgh, CT 24278', 0),
(689, '1979-10-28', '14:28:48', '004 Jaden Walk\nRolandoview, NV 93012-6421', 0),
(690, '2001-08-19', '00:10:32', '752 Reilly Vista Suite 683\nLebsackmouth, WY 01234-6756', 0),
(691, '2016-01-28', '10:38:43', '4221 Zieme Trail\nNorth Rosetta, SD 00269', 0),
(692, '1993-09-27', '12:18:18', '83671 Katheryn Junction\nWisozkton, IA 39699', 0),
(693, '1977-02-21', '01:49:08', '2632 Bertrand Centers Apt. 585\nNorth Omarimouth, KY 28837', 0),
(694, '2004-10-05', '23:56:47', '8590 Fisher Summit Apt. 605\nWest Anaisville, WI 01014', 0),
(695, '1999-03-12', '12:09:29', '5850 Treva Hollow\nWest Karliville, WI 60575', 0),
(696, '1991-08-16', '09:39:16', '9342 Schiller Road Apt. 610\nPort Halie, ID 06523', 0),
(697, '1986-01-07', '20:02:07', '11994 Bogisich Course Suite 416\nNew Sarah, ID 47833-6871', 0),
(698, '1971-03-05', '05:53:33', '0665 Pouros Vista Apt. 521\nEast Oceane, AK 52584', 0),
(699, '2019-05-01', '03:37:32', '93224 Randal Roads Suite 382\nD\'Amoreville, WA 62564-2711', 0),
(700, '1988-11-10', '12:28:13', '848 Dominic Parkways\nNorth Adeleport, WY 49655', 0),
(701, '1975-12-22', '08:02:37', '64147 Prince Divide\nRaphaelleland, NE 81306', 0),
(702, '2017-05-12', '10:39:15', '43663 Osborne Square Apt. 558\nTurcotteville, PA 46933-7049', 0),
(703, '2006-09-24', '21:14:21', '573 Pfeffer Forks Suite 966\nRodriguezmouth, MO 81221-2780', 0),
(704, '1991-03-01', '10:50:06', '044 Morissette Street\nNorth Keaton, VT 99435', 0),
(705, '1998-05-04', '08:31:46', '8788 Scottie Summit\nWest Hugh, NV 45598', 0),
(706, '2000-04-22', '18:07:59', '00263 Borer Shoal\nNorth Landen, SD 86810-6349', 0),
(707, '1995-03-29', '04:17:17', '318 Lowe Turnpike\nNew Lavon, ND 82817', 0),
(708, '2012-01-24', '07:38:13', '2007 Smitham Fort\nTamiafurt, MA 15500', 0),
(709, '1995-08-27', '04:06:34', '85614 Jones Harbors Suite 080\nLake Jettbury, DE 91783', 0),
(710, '2010-05-05', '04:31:35', '65712 Bridget Lakes\nNew Dena, GA 14511-7514', 0),
(711, '2000-03-23', '20:42:23', '65903 Jo Islands Suite 080\nLake Ianfurt, UT 57474-8897', 0),
(712, '1983-02-15', '08:07:30', '9653 Amely Fords\nConcepcionfurt, OK 51303', 0),
(713, '1970-06-16', '05:18:02', '649 Beatty Mountains Suite 365\nSouth Dorthy, NH 15060-6850', 0),
(714, '2019-12-11', '20:57:23', '21803 Harber Lodge Apt. 768\nNew Edyth, CO 90188-3821', 0),
(715, '1978-07-25', '21:28:39', '32052 Federico Tunnel Apt. 134\nKertzmannhaven, CT 69435', 0),
(716, '2009-06-28', '06:32:16', '38315 Parker Field\nLake Jaeden, ID 34663', 0),
(717, '1970-01-01', '07:26:17', '0715 Caesar Tunnel\nPort Madalynmouth, TX 52791', 0),
(718, '2001-04-15', '23:46:44', '3822 Emard Mountain\nTressieside, VT 90593', 0),
(719, '2007-05-31', '10:07:58', '896 Dorian Field Suite 529\nPerryfort, HI 20257', 0),
(720, '1997-11-14', '01:56:13', '736 Abbey Plaza Suite 407\nRosemarybury, VT 06092-6686', 0),
(721, '2015-01-21', '01:05:53', '659 Gerlach Wells Suite 134\nBethanyburgh, SC 01189-3779', 0),
(722, '1998-10-05', '06:28:32', '338 Cooper Haven\nEast Johnnie, OR 75481', 0),
(723, '2010-05-06', '21:31:06', '3231 Kohler Isle Apt. 969\nWest Emiliehaven, IA 35468-4334', 0),
(724, '2018-12-29', '21:16:54', '926 Paolo Grove Apt. 009\nLake Noel, NC 74305-5074', 0),
(725, '1975-03-30', '05:41:57', '876 Tremayne Plaza Suite 268\nCristalfort, MI 96506-1442', 0),
(726, '1980-06-01', '10:14:24', '01877 Brooklyn Causeway\nDanialport, NH 37933', 0),
(727, '2014-04-03', '10:16:29', '14149 Candace Shore\nNorth Augustamouth, AR 22849', 0),
(728, '2007-09-09', '08:34:09', '6037 Alayna Plaza\nGaylordmouth, DE 62826-8637', 0),
(729, '1986-02-14', '21:19:36', '856 Yundt Forks\nNew Marcellus, MN 61715', 0),
(730, '2020-03-27', '21:01:10', '248 Muller Station Apt. 540\nNorth Hershelfort, DE 46226-3100', 0),
(731, '2000-11-12', '20:57:29', '09480 Yost Lakes\nHilllview, MN 14741-0764', 0),
(732, '1994-02-10', '01:30:40', '919 Dan Greens\nJaylonbury, IL 57294-7319', 0),
(733, '2022-02-10', '14:37:49', '609 Hettinger Plain Suite 470\nCroninton, MS 18340', 0),
(734, '2008-08-18', '23:04:59', '762 Fabian Isle Apt. 059\nEast Charles, WY 54125', 0),
(735, '1982-11-01', '06:25:48', '59911 Batz Run\nWilberborough, DE 16440-5489', 0),
(736, '2016-01-29', '23:31:44', '833 Ardella Knolls Apt. 390\nLake Margotfurt, MO 15010', 0),
(737, '1990-01-06', '22:19:32', '58249 Grant Knoll\nCamillaberg, PA 07316', 0),
(738, '2015-11-06', '01:38:24', '96860 Ken Road\nPort Estelleshire, KY 42815-7107', 0),
(739, '1975-12-16', '05:49:37', '3052 Rippin Squares\nBusterton, AK 61464', 0),
(740, '2003-01-02', '12:03:22', '63572 Pietro Burg\nSouth Joannie, ME 50624-6601', 0),
(741, '2001-07-23', '05:00:11', '789 Conroy Gardens Apt. 219\nEast Naomie, KS 78344', 0),
(742, '2002-11-12', '01:57:55', '123 Junior Mountains\nOrnberg, NY 95048-6245', 0),
(743, '2003-04-13', '12:10:36', '7591 Kessler Plaza\nBeahanmouth, NY 88753', 0),
(744, '2016-07-19', '03:51:33', '86463 Frami Mountain\nMisaelmouth, SC 37395-8279', 0),
(745, '1999-09-17', '22:51:15', '139 Renner Lakes\nEast Elmore, AZ 01184', 0),
(746, '1980-09-23', '22:15:43', '73784 Tillman Walks\nRunolfsdottirview, AL 72612-6393', 0),
(747, '1996-02-17', '02:53:42', '8578 Gregg Trail\nEast Angelview, VT 63948', 0),
(748, '2021-04-23', '13:20:52', '99251 Myra Square Apt. 218\nSouth Jovan, FL 08783-2520', 0),
(749, '1981-12-02', '22:07:45', '30355 Ullrich Walks\nPort Austen, IA 13636', 0),
(750, '1975-10-30', '16:10:45', '44646 Feeney Well Suite 317\nClevelandchester, KS 02226', 0),
(751, '1983-07-26', '03:59:13', '7401 Durgan Mill\nOrvalhaven, SD 05509', 0),
(752, '1975-01-15', '11:23:28', '0668 Moshe Court Suite 714\nSouth Finnborough, FL 02512', 0),
(753, '2013-12-25', '17:43:23', '98297 Katarina Trail\nLake Westonshire, IL 66501-3746', 0),
(754, '1989-10-05', '11:22:24', '7831 Jacquelyn Walk\nValentinview, TN 38366', 0),
(755, '1972-03-06', '04:03:37', '318 Sauer Island Suite 317\nSouth Mikelborough, VT 75952', 0),
(756, '1973-04-29', '23:16:09', '10515 Torphy Crossing Apt. 306\nPort Domenicaborough, NY 57439-8551', 0),
(757, '1987-06-06', '08:28:27', '293 Kale Manor Apt. 086\nHegmannport, MO 25722-6899', 0),
(758, '1978-07-18', '17:54:56', '4510 Gilbert Tunnel Suite 143\nSouth Chancemouth, OK 03182', 0),
(759, '1999-06-09', '19:52:39', '602 Little Street Apt. 973\nEast Jaidamouth, SC 23858', 0),
(760, '2020-09-17', '01:50:49', '6209 Lambert Orchard Apt. 224\nNew Greg, CT 19899', 0),
(761, '2000-07-08', '22:01:36', '1687 Richmond Circle Apt. 310\nGleasonport, NY 49321-6616', 0),
(762, '2012-03-22', '13:01:25', '4027 Wyman Brook\nEwellberg, VT 14995', 0),
(763, '1982-03-29', '21:03:06', '69665 Mina Glen Apt. 545\nPort Christianaview, SD 75262-8578', 0),
(764, '1994-06-30', '13:23:52', '37905 Senger Island\nMariannaview, NV 90388-3012', 0),
(765, '1982-05-06', '18:16:41', '5073 Predovic Turnpike\nOndrickaview, MO 96205', 0),
(766, '2014-03-30', '07:04:11', '136 Mertz Forges\nWest Isadore, VT 73968-5220', 0),
(767, '2004-06-03', '13:25:48', '85377 Alyson Knoll\nOberbrunnershire, IN 25229-8873', 0),
(768, '1979-05-08', '16:43:59', '68554 Twila Curve\nWest Dariusberg, IN 31947-8974', 0),
(769, '1980-08-06', '06:38:29', '632 Tremblay Neck Apt. 947\nSouth Eddshire, NY 17241', 0),
(770, '1979-12-10', '05:07:43', '0694 Kasandra Locks Apt. 439\nCeciletown, HI 60416', 0),
(771, '1978-05-22', '01:04:57', '2686 Jerrold Crossroad\nWolffborough, MS 37973', 0),
(772, '2009-08-22', '16:03:33', '70567 Morissette Course Apt. 805\nHoraceberg, CA 06585-9934', 0),
(773, '1970-01-26', '22:23:27', '21736 Stoltenberg Cove Apt. 579\nEast Wilhelmine, CA 42271', 0),
(774, '1989-01-04', '07:10:05', '8123 Dooley Meadow\nMurraystad, AK 13378-9866', 0),
(775, '1998-05-09', '09:14:46', '8028 Morar Manor Suite 714\nD\'angelofurt, VT 96506', 0),
(776, '1995-09-14', '03:46:17', '1800 Elsa Garden\nWest Paigefort, WA 87574', 0),
(777, '2016-03-26', '15:04:21', '3770 Padberg Mews Suite 718\nPort Kennedi, CO 67670', 0),
(778, '1993-01-12', '23:51:57', '2949 Gulgowski Drive\nKohlerburgh, MD 12245', 0),
(779, '1994-10-28', '22:17:49', '053 Zander Ridges Suite 041\nLake Joanshire, PA 62043-4461', 0),
(780, '1971-06-26', '19:59:02', '0531 Wintheiser Parkways Apt. 731\nWest Carolanne, CT 49688', 0),
(781, '2013-12-15', '11:00:39', '9106 Paucek Plaza\nStreichhaven, NJ 92840-8151', 0),
(782, '1988-05-09', '03:47:13', '17190 Greenfelder Corner Apt. 299\nSouth Britney, IN 37703-2816', 0),
(783, '2021-03-21', '23:48:45', '8740 Howe Loaf Apt. 463\nNorth Kenyaburgh, IN 33433', 0),
(784, '1996-01-02', '02:53:11', '66779 O\'Conner Harbor\nSouth Gaetano, VA 48582-6527', 0),
(785, '1986-03-04', '05:10:13', '289 Kiarra Parkway Apt. 624\nPort Enashire, AZ 85135-6819', 0),
(786, '2020-12-28', '02:27:27', '834 Weimann Via\nLake Lelandstad, WY 92422-1174', 0),
(787, '1987-11-01', '22:08:04', '7951 Allene Union\nHerzogland, MD 79495-2554', 0),
(788, '1991-10-12', '18:08:37', '42846 Alford Points\nCarolyntown, NJ 31774', 0),
(789, '1984-06-29', '13:52:06', '19284 Roberts Orchard\nWest Adrien, KS 15668', 0),
(790, '1997-02-22', '03:02:08', '713 Joannie Circle\nLake Jess, CA 04770', 0),
(791, '2004-02-02', '17:55:02', '302 Swift Brooks\nMarquisside, SC 75367', 0),
(792, '2009-05-05', '03:40:44', '490 Patience Inlet Suite 691\nWest Vicentehaven, ME 79969-5752', 0),
(793, '1997-09-04', '07:49:27', '8198 Johns Station Apt. 517\nNew Brennabury, MO 07768', 0),
(794, '2007-08-25', '02:59:36', '559 Connelly Vista Suite 600\nBartonmouth, NC 30727', 0),
(795, '2020-12-28', '01:32:32', '794 McClure Loop Suite 891\nWest Susie, NV 48487-1342', 0),
(796, '2013-03-28', '17:24:53', '57945 Hans Light\nHilllmouth, NE 71740-9953', 0),
(797, '2001-05-26', '15:41:10', '526 Estel Canyon Suite 639\nMyrticemouth, ID 49336', 0),
(798, '1970-10-01', '02:14:14', '413 Barrows Branch Suite 387\nBlazemouth, NH 78848-9829', 0),
(799, '1990-12-02', '05:39:54', '02905 Sallie Motorway Suite 806\nRitashire, OR 11781', 0),
(800, '2014-03-07', '07:20:12', '7333 Michele Mountains Apt. 780\nEast Destintown, IN 03033-0146', 0),
(801, '1983-11-27', '06:20:11', '67928 Collins Pike Apt. 269\nFayeburgh, NE 33900', 0),
(802, '2018-08-02', '19:58:17', '35945 Farrell Rapid Apt. 439\nNorth Erikaland, AK 72687', 0),
(803, '2008-09-17', '08:38:09', '0846 Macejkovic Burg Apt. 339\nNew Marjorie, AR 51596', 0),
(804, '1978-10-10', '19:22:43', '782 Esperanza Points Suite 243\nRaynormouth, AK 32681-5350', 0),
(805, '1990-02-06', '07:08:50', '9065 Jerrell Ridge Apt. 761\nWest Darylborough, KS 41856-1173', 0),
(806, '1981-05-11', '08:20:43', '8316 Wyman Field Suite 577\nWest Johnsonport, IL 42769-8106', 0),
(807, '2011-05-10', '10:48:49', '7054 Liam Plains Suite 920\nNew Rosina, NE 00308-8619', 0),
(808, '1992-10-31', '00:47:51', '36251 Gianni Mission Suite 740\nHelgaside, RI 47239', 0),
(809, '2005-12-18', '09:02:17', '2378 Nikolas Mission\nPowlowskimouth, ME 82110', 0),
(810, '1995-05-05', '14:37:27', '1724 Summer Causeway Suite 446\nNew Elisa, WV 85915', 0),
(811, '2004-11-25', '02:33:56', '8455 Mitchell Cove Apt. 516\nJeremyhaven, NM 10332-1643', 0),
(812, '1997-10-13', '19:15:31', '369 Crist Flat\nSouth Rasheed, SD 95532', 0),
(813, '1991-02-15', '16:36:59', '48217 Rossie Divide Suite 435\nSouth Brittanyport, DC 72525-0040', 0),
(814, '1979-11-20', '23:06:54', '458 Daisy Estate Apt. 560\nWest Rosarioberg, ND 58938-3110', 0),
(815, '1977-03-29', '06:09:04', '705 Emile Valleys Apt. 590\nPort Richieport, SC 70751-2423', 0),
(816, '2015-08-02', '20:19:17', '929 Rosemarie Hill\nNorth Winifred, WA 07423', 0),
(817, '2005-12-30', '18:07:57', '7332 Minnie Burg Suite 499\nTiannaville, MI 41352', 0),
(818, '2013-08-17', '23:32:20', '25089 Arch Pass Suite 941\nCarlosport, NC 82858', 0),
(819, '2014-11-28', '04:42:05', '2716 Aric Isle\nSouth Merlin, ID 72293', 0),
(820, '2022-01-09', '06:45:20', '36816 Kennith Trail\nSouth Johnpaul, KS 21707', 0),
(821, '2021-07-01', '11:12:57', '41192 Simonis Curve\nGoodwinport, AK 12300-3319', 0),
(822, '1987-08-01', '06:39:18', '216 Tomas Shore\nSouth Jammie, MT 33517-6227', 0),
(823, '1996-05-16', '07:42:23', '56810 Kuhn Streets Apt. 685\nRylanmouth, DC 46832-8704', 0),
(824, '1991-03-31', '07:57:51', '704 Mraz Trail\nLueilwitzmouth, RI 45241-9992', 0),
(825, '2011-10-18', '21:34:53', '61592 Ocie Springs Apt. 020\nSouth Amelie, CO 60816-2481', 0),
(826, '1996-03-07', '01:08:40', '9597 Konopelski Lake Apt. 623\nEast Hannaside, IL 15573', 0),
(827, '2019-11-29', '16:13:43', '90952 Javonte Union\nNew Calista, AZ 09258', 0),
(828, '1972-05-08', '03:55:16', '75356 Freddy Fall Apt. 338\nWest Kareemfurt, IA 28592', 0),
(829, '1995-08-13', '08:15:38', '25664 Gerhold Crossing\nSilasmouth, WA 16022', 0),
(830, '1997-03-30', '19:55:44', '60931 Marvin Loop\nDarrionmouth, PA 01651', 0),
(831, '1978-03-24', '02:00:32', '93817 Kathryn Road Suite 275\nPort Timmothy, VA 09995-0756', 0),
(832, '1981-11-18', '08:18:22', '1265 Medhurst Wells\nMayerfort, AR 67110-5970', 0),
(833, '1998-01-27', '09:44:23', '4839 Heber Key\nNew Heather, AR 43557', 0),
(834, '2014-10-27', '17:07:24', '49943 Marielle Glens Apt. 885\nWest Gunnarbury, WA 27991-0536', 0),
(835, '1988-03-21', '11:47:13', '7960 Shanel Expressway\nLake Dayanaland, OK 72279', 0),
(836, '1972-05-11', '23:23:18', '6992 Leannon Hills\nCarolynborough, RI 77947-8568', 0),
(837, '2014-02-10', '19:24:25', '1422 Halvorson Crossing Apt. 146\nLake Bradfordmouth, GA 94622-2226', 0),
(838, '2006-09-13', '00:09:10', '0004 John Island Suite 183\nZulaufmouth, NV 18933-3361', 0),
(839, '2005-04-02', '15:48:48', '745 Ruecker Cliff\nEast Dasiaport, NC 09397', 0),
(840, '1996-01-09', '20:20:01', '081 Botsford Glens Suite 939\nPort Arvillaland, OR 67745', 0),
(841, '1993-02-18', '16:18:46', '0182 Lebsack Islands Apt. 465\nKeelingburgh, ND 76861', 0),
(842, '1997-07-29', '01:32:12', '5779 Goodwin Run Apt. 029\nFritschhaven, WA 52847-1202', 0),
(843, '2016-02-14', '19:06:58', '726 Adam Lake Apt. 014\nCedrickfurt, CA 77038-8242', 0),
(844, '1973-01-08', '19:34:50', '934 Jean Manor\nAlisonchester, AZ 18124', 0),
(845, '1984-09-09', '04:21:31', '9038 Jaylan Knoll\nWest Wandatown, NY 89769-8817', 0),
(846, '1992-02-07', '09:51:41', '01725 Elna Keys Apt. 659\nOllieview, ME 65851', 0),
(847, '2017-02-06', '09:57:42', '311 Pfannerstill Common\nRosalindview, VA 30569-5313', 0),
(848, '2013-05-27', '21:16:18', '5780 Beatty Bridge Suite 709\nNorth Paul, IN 68434-6432', 0),
(849, '1981-10-05', '16:22:53', '1265 Pouros Underpass Apt. 189\nSouth Shanellehaven, IA 25830-2066', 0),
(850, '2009-05-05', '23:46:58', '644 Harvey Isle\nLaneview, VA 78549-4722', 0),
(851, '1985-04-29', '00:20:08', '4998 O\'Keefe Rapid\nWehnerville, OK 49513', 0),
(852, '2021-04-09', '00:52:40', '3220 Shanahan Shore\nNew Horacioburgh, WY 88549', 0),
(853, '2016-11-20', '01:06:32', '106 Ziemann Street Suite 644\nEunicehaven, RI 59182', 0),
(854, '2010-11-17', '00:29:33', '041 Lesch Orchard Suite 684\nElectamouth, OR 24407', 0),
(855, '2010-01-30', '04:43:42', '4775 Shad Locks\nAbernathyport, SD 15947', 0),
(856, '1974-02-15', '06:40:59', '50563 Bahringer Ville Suite 212\nWest Alvis, DC 93594', 0),
(857, '1985-07-26', '18:42:09', '60884 Ewell Divide Apt. 920\nNew Roslynside, MT 43739', 0),
(858, '1994-02-20', '16:24:39', '20789 Connelly Underpass\nFloydview, ND 05347', 0),
(859, '1991-09-02', '04:31:02', '30988 Rosario Forks\nSouth Harrison, VA 09051-8039', 0),
(860, '1970-06-27', '23:30:18', '38631 Kshlerin Shores\nAlleneview, AL 67575', 0),
(861, '1991-08-22', '19:47:11', '9637 McKenzie Circle\nLake Lonzo, CO 26495', 0),
(862, '1974-07-04', '11:55:16', '0166 Osinski Locks\nDiamondton, VT 94038', 0),
(863, '2009-09-21', '14:18:44', '1616 Bailey View\nDibbertville, SD 67322', 0),
(864, '1974-08-06', '20:07:13', '69738 Doug Passage\nRatkemouth, MI 51819', 0),
(865, '1991-01-16', '18:44:16', '61458 Garrett Streets Apt. 421\nWest Rudolphtown, KY 37920', 0),
(866, '1977-08-30', '20:30:42', '3161 Halvorson Islands\nLake Zachariah, LA 08991', 0),
(867, '2005-01-14', '07:19:00', '8803 Rhett Village\nJanicehaven, AR 26333-2736', 0),
(868, '2010-06-26', '21:04:38', '1438 Marcelle Drive Suite 782\nEdenport, VA 07115-6524', 0),
(869, '1987-07-21', '17:06:20', '792 Frederick Lakes\nPort Araceliview, CA 44232', 0),
(870, '1990-06-15', '20:12:00', '1109 Cody Mission\nFriesenborough, MN 28949-6466', 0),
(871, '2015-09-22', '08:01:31', '16975 Wisozk Center Suite 958\nLake Mauriciotown, NH 25241-8913', 0),
(872, '1975-07-04', '12:38:07', '029 Wiza Mall Apt. 053\nQuigleychester, HI 74992', 0),
(873, '1981-01-28', '04:16:32', '806 Timothy Lock Suite 898\nJalynbury, TX 81076', 0),
(874, '2000-08-24', '23:29:13', '93077 Will Land\nLake Roberthaven, FL 86163-4469', 0),
(875, '1990-10-17', '11:54:33', '386 Jacobson Summit Apt. 641\nFadelfort, NM 98425-2983', 0),
(876, '1996-01-29', '19:43:44', '3317 Schowalter Ways Apt. 310\nLake Samirshire, NH 77201', 0),
(877, '1989-09-01', '09:36:47', '03946 Dibbert Trail\nNew Rodrigo, AZ 92042', 0),
(878, '1995-11-23', '22:03:45', '4418 Stamm Place Apt. 449\nMaxville, AZ 63307', 0),
(879, '1983-05-11', '00:57:45', '82364 Paolo Meadow Apt. 533\nEast Cesarborough, HI 20637-5785', 0),
(880, '1986-08-30', '09:50:23', '2697 Mossie Roads Apt. 431\nNorth Barbara, HI 44265-0153', 0),
(881, '2004-02-14', '00:55:06', '84788 Vince Causeway\nEffertzchester, LA 04272-2966', 0),
(882, '1983-03-04', '01:41:42', '42195 Lubowitz Station\nMelanyton, NE 72973', 0),
(883, '1998-12-30', '00:14:33', '185 Rippin Walk\nReingerland, PA 14341-4751', 0),
(884, '1986-03-22', '18:17:18', '874 Mills Lane Apt. 312\nEwellland, NC 24726', 0),
(885, '2007-11-17', '12:10:00', '3372 Caitlyn Road Suite 651\nNorth Adam, IA 87988', 0),
(886, '2003-06-22', '04:14:30', '7462 Johnston Streets Suite 563\nMalcolmberg, WY 22643', 0),
(887, '2018-02-01', '23:59:07', '9173 Schmeler Heights\nLake Tyreseland, NM 34195-2689', 0),
(888, '1979-10-05', '01:15:25', '34320 White Mountains Apt. 650\nRolfsonville, SD 48140-7842', 0),
(889, '2004-11-01', '09:02:34', '04584 Aliya Roads Suite 698\nStefaniefurt, AL 96897-5101', 0),
(890, '2019-10-17', '05:21:02', '17509 Erdman Highway Apt. 367\nMullerborough, NH 70263', 0),
(891, '2000-02-06', '19:01:52', '0338 Kassulke Passage\nMedhurstside, SC 68544', 0),
(892, '1988-05-20', '14:14:28', '32361 Balistreri Alley\nSouth Jena, AZ 00842-5538', 0),
(893, '2016-05-16', '07:28:55', '6367 Botsford Ports Apt. 706\nDestineeland, RI 97351', 0),
(894, '1985-07-14', '22:00:52', '5333 Lesley Rue\nMonahanview, VT 09724', 0),
(895, '2000-12-31', '17:22:22', '144 Chet Mission\nLake Johanburgh, VA 05695', 0),
(896, '2014-03-03', '18:35:00', '6067 Kianna Spring\nKreigerfurt, MI 94089', 0),
(897, '1998-08-20', '04:31:34', '13443 McClure Heights Apt. 459\nNew Lorenborough, WA 55145-8874', 0),
(898, '1983-03-02', '15:03:58', '983 Mayert Hills Suite 645\nSouth Hope, VA 20023', 0),
(899, '2017-04-21', '18:13:19', '3513 Reichert Center Apt. 800\nMargaretport, PA 12711-9787', 0),
(900, '1972-08-19', '06:49:31', '15868 McClure Branch\nPort Tylerborough, KY 63427', 0),
(901, '2009-05-15', '22:15:05', '78643 Hegmann Unions Suite 643\nEast Jeromymouth, OK 21257', 0),
(902, '1993-03-17', '06:54:48', '4733 Lamar Road\nNew Vincent, NV 77962-8338', 0),
(903, '1982-09-29', '00:09:30', '9534 Burley Way\nNorth Delia, MD 23171', 0),
(904, '1998-11-26', '11:58:59', '36628 Jerde Forges\nEast Herminio, TN 07738', 0),
(905, '1973-02-23', '23:33:37', '346 Marlen Walk\nWest Shaylee, IL 81532', 0),
(906, '2011-11-01', '15:14:23', '27756 Eva Center Apt. 242\nSouth Kaseytown, NE 70395-0437', 0),
(907, '2021-12-25', '01:16:23', '48572 Blick Centers Apt. 850\nLake Novachester, PA 39551-7634', 0),
(908, '2012-04-06', '07:06:46', '732 Gilda Pass\nDaisyview, MI 80085-3281', 0),
(909, '1979-06-29', '06:43:23', '556 Beryl Run Suite 448\nWillmsfurt, NJ 04757', 0),
(910, '1996-12-29', '15:02:47', '009 Jakubowski Isle\nCroninton, SD 13502-4264', 0),
(911, '2010-04-17', '15:59:11', '6830 Konopelski Fort\nEast Candace, MI 70689', 0),
(912, '2006-05-29', '19:22:33', '2888 Wilford Haven\nLake Bofort, MA 16151-3235', 0),
(913, '1975-04-23', '08:50:27', '876 Wyman Trafficway Suite 492\nMaymiefort, HI 75911-1009', 0),
(914, '1984-01-31', '12:00:02', '7447 Noel Fork Suite 487\nNorth Ebbaborough, NC 25218-8383', 0),
(915, '2011-01-27', '08:19:52', '6683 Lehner Divide Apt. 114\nNew Orionton, DC 32769-6933', 0),
(916, '2005-07-19', '05:58:09', '018 Kovacek Stravenue\nLake Albertha, IA 34138', 0),
(917, '1994-12-06', '22:22:01', '8534 Gleichner Islands Suite 052\nWest Winifred, LA 85815-3208', 0),
(918, '1989-09-23', '00:52:25', '775 Lemke Ports Suite 833\nRatkefurt, SC 26246', 0),
(919, '1976-05-03', '19:12:51', '27136 Hailee Loaf\nLake Romafurt, ID 68266', 0),
(920, '1988-09-14', '22:51:37', '482 Miller Squares\nEast Olenview, MD 84875-1609', 0),
(921, '1990-06-18', '10:56:59', '96042 Hickle Squares Apt. 060\nNew Nellabury, FL 44242', 0),
(922, '1994-05-07', '09:09:55', '856 Fisher Mills Suite 381\nRippinburgh, AR 27843-1193', 0),
(923, '1977-10-06', '21:49:57', '75364 Darwin Path\nAnissafort, MN 47959', 0),
(924, '2021-06-09', '11:07:04', '42322 Gibson Creek\nEast Serenityland, MO 11409', 0),
(925, '1991-02-17', '13:58:54', '1230 Shayne Course\nNew April, DC 22768', 0),
(926, '2020-10-01', '03:34:41', '925 Swaniawski Spring\nLake Veronafort, GA 88913-8125', 0),
(927, '1972-12-23', '23:35:55', '839 Green Mount\nNorth Kenyattafurt, NH 89230', 0),
(928, '1972-10-22', '23:30:56', '928 Prohaska Gardens Suite 074\nWest Rosalinda, AK 93359-7556', 0),
(929, '1976-07-04', '23:16:52', '77515 Fredrick Squares\nKristianburgh, KY 53907', 0),
(930, '1975-02-23', '08:41:43', '2411 Nicolas Stravenue Apt. 444\nSouth Makenziemouth, TN 88531-8739', 0),
(931, '2001-07-08', '17:14:59', '91312 Rath Radial Suite 667\nLake Geo, CA 60109', 0),
(932, '1975-01-03', '17:08:44', '1285 Samantha Burgs Apt. 218\nUrbanfort, ME 41113', 0),
(933, '2008-09-24', '19:08:52', '30887 Kulas Springs Suite 560\nOsinskiburgh, FL 10313', 0),
(934, '2019-09-21', '08:38:24', '251 Luigi Light\nWest Eliseoton, OK 74414', 0),
(935, '2018-08-21', '13:30:40', '549 Beer Locks Apt. 713\nAlfonzomouth, AR 11675', 0),
(936, '2020-10-15', '08:37:14', '750 Florian Lights Apt. 754\nJacemouth, AZ 66644-2982', 0),
(937, '2004-07-10', '22:41:22', '576 Mayert Knoll\nWest Jarrett, KS 10115', 0),
(938, '1972-12-20', '06:58:14', '1553 Heath Trace\nNorth Bernie, ND 02873', 0),
(939, '1998-01-22', '15:48:34', '8671 Bogan Creek\nWest Aidan, KY 66856-1888', 0),
(940, '2017-12-22', '19:38:05', '26451 Gavin Land\nZechariahfurt, AK 98236', 0),
(941, '2018-07-12', '16:56:12', '6137 Ziemann Forges\nLangbury, OK 99355', 0),
(942, '2021-11-07', '04:30:53', '156 Mariam Canyon Apt. 854\nLake Berthaton, SC 77458-0614', 0),
(943, '1987-09-25', '19:02:18', '451 Kadin Hill Apt. 604\nLake Elvera, LA 71969', 0),
(944, '1996-12-23', '18:32:38', '428 Pfannerstill Station\nNew Charityfurt, NC 68502', 0),
(945, '1999-04-19', '19:31:01', '7054 Smitham Stream Apt. 416\nNorth Erickaberg, DE 61483', 0),
(946, '1993-12-06', '18:43:03', '2820 Halvorson Bypass\nSouth Leanne, NE 58940-8406', 0),
(947, '1978-11-07', '03:22:36', '716 Dickens Ports\nParisianhaven, UT 32819-4821', 0),
(948, '1993-03-22', '07:50:29', '9291 Bulah Highway Apt. 181\nNorth Quincyborough, OH 08796', 0),
(949, '2007-07-26', '05:51:40', '0597 Zulauf Squares Suite 602\nSouth Florenciomouth, OH 49510-3906', 0),
(950, '1997-01-01', '23:27:59', '826 Hane Divide\nNorth Matilde, ME 56684', 0),
(951, '1989-10-15', '01:44:57', '92849 Effertz Stravenue\nSouth Devontefort, IL 34109-0702', 0),
(952, '1990-11-24', '17:02:30', '475 Theodore Locks Apt. 465\nWest Napoleon, UT 39980', 0),
(953, '1982-10-05', '08:00:27', '21448 Jerde Coves Suite 833\nEast Benny, ID 75778-9418', 0),
(954, '2010-06-02', '22:11:04', '8828 Nicholaus Lodge Apt. 598\nGreenholtville, AK 68747', 0),
(955, '2010-06-13', '20:02:35', '353 Peyton Islands\nNorth Kristytown, AK 29050-1179', 0),
(956, '1980-11-22', '05:04:11', '192 Lebsack Cliff\nWest Clair, MA 80182', 0),
(957, '2014-06-14', '19:52:20', '45875 Orlando Junction\nLake Keanufort, AK 49943-0057', 0),
(958, '1971-03-01', '00:04:28', '08001 Rohan Ford Apt. 908\nGiuseppefurt, WV 00528-4488', 0),
(959, '2011-02-27', '05:24:32', '1684 Aufderhar Island\nBrookview, NC 94173', 0),
(960, '2008-01-31', '07:41:43', '46808 Eichmann Isle\nRosendoport, NM 73303-5706', 0),
(961, '1995-08-06', '17:44:43', '155 Caesar Divide Suite 388\nValentinashire, LA 51247', 0),
(962, '1997-05-08', '08:45:02', '49550 Prosacco Summit Apt. 976\nWest Wilber, WY 28695', 0),
(963, '2018-01-02', '21:13:54', '0137 Greenfelder Camp\nClaudineport, MA 63851-5280', 0),
(964, '2007-12-05', '05:34:53', '364 Ziemann Flat Suite 841\nPort Earlenemouth, VA 53560-0355', 0),
(965, '1975-11-25', '10:21:32', '34409 Konopelski Burgs\nNilsshire, NH 42357-8812', 0),
(966, '1970-03-12', '02:44:33', '34090 Kirlin Mews\nNorth Clara, IN 46546', 0),
(967, '1993-11-15', '07:20:52', '883 Brakus Route\nLaishaport, WA 01768-4151', 0),
(968, '2002-10-28', '18:05:26', '516 Borer Run\nSouth Haleighhaven, VT 16347-0350', 0),
(969, '1971-04-30', '18:30:43', '797 Kurtis Forks\nSmithton, TN 61739', 0),
(970, '2004-04-18', '03:29:29', '898 Kuphal Station Apt. 556\nNew Antonina, UT 85901-1623', 0),
(971, '1977-12-09', '16:22:06', '821 Jayde Prairie\nSteuberview, IL 96456-1646', 0),
(972, '2000-04-21', '00:37:18', '395 Barrows Lakes\nSchuppebury, UT 26909', 0),
(973, '1974-09-30', '23:21:52', '0226 Adams Roads\nJohnschester, KY 29001', 0),
(974, '2008-02-14', '22:04:41', '01069 Florence River\nSalmaview, MT 34897-0143', 0),
(975, '2010-10-16', '02:01:40', '750 Scotty Circles Apt. 216\nEast Eloise, IA 01902', 0),
(976, '2013-05-07', '12:03:39', '494 Schaefer Prairie Apt. 381\nJasthaven, SD 76524', 0),
(977, '1989-09-03', '01:52:38', '190 King Lane\nCarolinemouth, VT 84196', 0),
(978, '2016-07-25', '23:18:41', '4686 Borer Courts Suite 413\nThielstad, GA 51425', 0),
(979, '2018-11-10', '03:59:04', '6913 Opal Oval\nRosalindfort, ND 84304-6754', 0),
(980, '2003-05-02', '06:34:23', '9557 Kennedy Hollow Suite 688\nOlsonchester, MO 93234', 0),
(981, '1990-01-18', '12:58:12', '4222 Chaz Trail\nShannyberg, WY 20189-2851', 0),
(982, '1989-10-28', '12:09:20', '0892 Erik Rest\nSchmidtmouth, WY 72393-7047', 0),
(983, '1977-02-04', '09:45:52', '478 Mraz Avenue Suite 981\nPort Glennieview, NV 10457', 0),
(984, '2007-01-10', '19:20:10', '76607 Chadrick Greens Apt. 419\nLakinmouth, AR 93878', 0),
(985, '1992-11-10', '16:45:51', '753 German Bypass\nMetzport, MA 84710', 0),
(986, '2018-12-27', '00:14:35', '4666 Saige Gateway\nNew Ronnymouth, AR 03563-2406', 0),
(987, '2004-01-10', '23:39:17', '87510 Claude Harbors\nNorth Mavismouth, LA 69266', 0),
(988, '1975-10-23', '11:05:50', '3511 Gwendolyn Roads\nNorth Cloviston, IA 27825-0390', 0),
(989, '2001-03-31', '21:25:07', '44625 Amelia Trail\nNorth Ledaborough, TN 36588-0031', 0),
(990, '1980-01-31', '07:56:23', '2679 Ondricka Viaduct\nWalterland, AZ 69163', 0),
(991, '2012-03-13', '06:06:44', '3816 Barton Forest\nNew Tatyana, AK 20606-2707', 0),
(992, '1989-05-19', '03:22:22', '0465 Kuvalis Knolls Apt. 942\nPort Osborne, LA 35370-7531', 0),
(993, '2003-08-30', '05:48:27', '53802 Hills Route\nGretafort, KY 23285', 0),
(994, '1996-12-13', '17:33:24', '21589 Hazle Estate Suite 473\nKatelinfurt, AR 68502', 0),
(995, '1989-09-27', '18:40:53', '16608 Casper Keys Apt. 608\nMillerstad, DC 33320', 0),
(996, '1972-06-08', '19:28:38', '423 Nienow Meadow\nDeeshire, GA 20749-5948', 0),
(997, '1983-07-07', '10:55:10', '98424 Wilford Knoll\nWeissnatport, KS 03675-4234', 0),
(998, '1982-01-22', '23:30:29', '65038 Hermann Lodge\nSouth Kayley, IL 00619', 0),
(999, '1977-08-18', '07:33:34', '688 Zemlak Highway Apt. 149\nEast Virginia, UT 02928-4750', 0),
(1000, '1980-06-09', '03:05:20', '354 Tremblay Fort Suite 892\nWest Ronaldoville, CO 40657-9842', 0),
(1001, '2022-03-08', '01:18:50', 'fikri', 31),
(1002, '2022-03-09', '07:18:58', 'Subang', 31);

-- --------------------------------------------------------

--
-- Table structure for table `user`
--

CREATE TABLE `user` (
  `id` int(11) NOT NULL,
  `name` varchar(128) NOT NULL,
  `email` varchar(128) NOT NULL,
  `image` varchar(128) NOT NULL,
  `password` varchar(256) NOT NULL,
  `role_id` int(11) NOT NULL,
  `is_active` int(1) NOT NULL,
  `date_created` int(11) NOT NULL,
  `nik` char(16) NOT NULL
) ENGINE=InnoDB DEFAULT CHARSET=latin1;

--
-- Dumping data for table `user`
--

INSERT INTO `user` (`id`, `name`, `email`, `image`, `password`, `role_id`, `is_active`, `date_created`, `nik`) VALUES
(12, 'MUHAMAD FIKRI', 'mhmdfkr151104@gmail.com', 'me.jpg', '$2y$10$akPiY4V7bFKPCogWENSM3OwNTkMm4j1pSGAUDJCkwQ3yIyFBLK1va', 1, 1, 8385959, '3213031511040004'),
(31, 'MhmdFkr04', 'projectujikom@gmail.com', 'me1.jpg', '$2y$10$Ia9xpckQGf7J8Xs0ZJauwe9Zu7EXj6NMkloSlTcMleX6aGGb76xKu', 2, 1, 1644892761, '3213032006030002'),
(32, 'Banana Bread', 'mf20041115@gmail.com', 'default.jpg', '$2y$10$KOP1WE.qAXcshGxHYNrr3eTA.2nieZG.CzuWMzw4t6xCKuc6tBhbW', 2, 1, 1646763630, '3213032006030002');

-- --------------------------------------------------------

--
-- Table structure for table `user_access_menu`
--

CREATE TABLE `user_access_menu` (
  `id` int(11) NOT NULL,
  `role_id` int(11) NOT NULL,
  `menu_id` int(11) NOT NULL
) ENGINE=InnoDB DEFAULT CHARSET=latin1;

--
-- Dumping data for table `user_access_menu`
--

INSERT INTO `user_access_menu` (`id`, `role_id`, `menu_id`) VALUES
(1, 1, 1),
(2, 1, 4),
(3, 2, 2),
(6, 2, 4);

-- --------------------------------------------------------

--
-- Table structure for table `user_menu`
--

CREATE TABLE `user_menu` (
  `id` int(11) NOT NULL,
  `menu` varchar(128) NOT NULL
) ENGINE=InnoDB DEFAULT CHARSET=latin1;

--
-- Dumping data for table `user_menu`
--

INSERT INTO `user_menu` (`id`, `menu`) VALUES
(1, 'Admin'),
(2, 'User'),
(4, 'Setting');

-- --------------------------------------------------------

--
-- Table structure for table `user_role`
--

CREATE TABLE `user_role` (
  `id` int(11) NOT NULL,
  `role` varchar(128) NOT NULL
) ENGINE=InnoDB DEFAULT CHARSET=latin1;

--
-- Dumping data for table `user_role`
--

INSERT INTO `user_role` (`id`, `role`) VALUES
(1, 'Administrator'),
(2, 'Member');

-- --------------------------------------------------------

--
-- Table structure for table `user_sub_menu`
--

CREATE TABLE `user_sub_menu` (
  `id` int(11) NOT NULL,
  `menu_id` int(11) NOT NULL,
  `title` varchar(128) NOT NULL,
  `url` varchar(128) NOT NULL,
  `icon` varchar(128) NOT NULL,
  `is_active` int(1) NOT NULL
) ENGINE=InnoDB DEFAULT CHARSET=latin1;

--
-- Dumping data for table `user_sub_menu`
--

INSERT INTO `user_sub_menu` (`id`, `menu_id`, `title`, `url`, `icon`, `is_active`) VALUES
(1, 1, 'Dashboard', 'admin/home', 'fas fa-fw fa-home', 1),
(2, 2, 'Dashboard', 'user/dashboard', 'fas fa-fw fa-home', 1),
(3, 2, 'Insert data', 'user/isi_data', 'fas fa-fw fa-user-edit', 1),
(7, 2, 'History', 'user/history', 'fas fa-fw fa-history', 1),
(8, 4, 'My Profile', 'setting/my_profile', 'fas fa-fw fa-user', 1),
(9, 1, 'Users', 'admin/users', 'fas fa-fw fa-users', 1),
(11, 4, 'Log out', 'auth/logout', 'fas fa-fw fa-sign-out-alt', 1),
(12, 2, 'Histories', 'user/histories', 'fas fa-fw fa-history', 0);

-- --------------------------------------------------------

--
-- Table structure for table `user_token`
--

CREATE TABLE `user_token` (
  `id` int(11) NOT NULL,
  `email` varchar(128) NOT NULL,
  `token` varchar(128) NOT NULL,
  `date_created` int(11) NOT NULL
) ENGINE=InnoDB DEFAULT CHARSET=latin1;

--
-- Indexes for dumped tables
--

--
-- Indexes for table `dataperjalanan`
--
ALTER TABLE `dataperjalanan`
  ADD PRIMARY KEY (`id`);

--
-- Indexes for table `history`
--
ALTER TABLE `history`
  ADD PRIMARY KEY (`id`);

--
-- Indexes for table `user`
--
ALTER TABLE `user`
  ADD PRIMARY KEY (`id`);

--
-- Indexes for table `user_access_menu`
--
ALTER TABLE `user_access_menu`
  ADD PRIMARY KEY (`id`);

--
-- Indexes for table `user_menu`
--
ALTER TABLE `user_menu`
  ADD PRIMARY KEY (`id`);

--
-- Indexes for table `user_role`
--
ALTER TABLE `user_role`
  ADD PRIMARY KEY (`id`);

--
-- Indexes for table `user_sub_menu`
--
ALTER TABLE `user_sub_menu`
  ADD PRIMARY KEY (`id`);

--
-- Indexes for table `user_token`
--
ALTER TABLE `user_token`
  ADD PRIMARY KEY (`id`);

--
-- AUTO_INCREMENT for dumped tables
--

--
-- AUTO_INCREMENT for table `dataperjalanan`
--
ALTER TABLE `dataperjalanan`
  MODIFY `id` int(11) NOT NULL AUTO_INCREMENT, AUTO_INCREMENT=12;

--
-- AUTO_INCREMENT for table `history`
--
ALTER TABLE `history`
  MODIFY `id` int(9) UNSIGNED NOT NULL AUTO_INCREMENT, AUTO_INCREMENT=1003;

--
-- AUTO_INCREMENT for table `user`
--
ALTER TABLE `user`
  MODIFY `id` int(11) NOT NULL AUTO_INCREMENT, AUTO_INCREMENT=33;

--
-- AUTO_INCREMENT for table `user_access_menu`
--
ALTER TABLE `user_access_menu`
  MODIFY `id` int(11) NOT NULL AUTO_INCREMENT, AUTO_INCREMENT=7;

--
-- AUTO_INCREMENT for table `user_menu`
--
ALTER TABLE `user_menu`
  MODIFY `id` int(11) NOT NULL AUTO_INCREMENT, AUTO_INCREMENT=5;

--
-- AUTO_INCREMENT for table `user_role`
--
ALTER TABLE `user_role`
  MODIFY `id` int(11) NOT NULL AUTO_INCREMENT, AUTO_INCREMENT=3;

--
-- AUTO_INCREMENT for table `user_sub_menu`
--
ALTER TABLE `user_sub_menu`
  MODIFY `id` int(11) NOT NULL AUTO_INCREMENT, AUTO_INCREMENT=13;

--
-- AUTO_INCREMENT for table `user_token`
--
ALTER TABLE `user_token`
  MODIFY `id` int(11) NOT NULL AUTO_INCREMENT;
COMMIT;

/*!40101 SET CHARACTER_SET_CLIENT=@OLD_CHARACTER_SET_CLIENT */;
/*!40101 SET CHARACTER_SET_RESULTS=@OLD_CHARACTER_SET_RESULTS */;
/*!40101 SET COLLATION_CONNECTION=@OLD_COLLATION_CONNECTION */;
